image_id,breed
b68aec61a9,storeria-dekayi
eaedb4aeea,crotalus-atrox
c98bc697c6,pantherophis-guttatus
728f07bb97,crotalus-atrox
93c3acd68a,crotalus-atrox
2e359108b2,lampropeltis-californiae
a2bfde867b,storeria-dekayi
9069355571,storeria-dekayi
1a019b53b3,pantherophis-obsoletus
302ae16a4f,nerodia-erythrogaster
339702c73e,thamnophis-sirtalis
a4c523e2b2,pantherophis-vulpinus
447e96a831,storeria-dekayi
9c88832a7a,storeria-dekayi
572c5c3520,lampropeltis-triangulum
4f3bb6e01a,thamnophis-marcianus
3fee6efbe8,crotalus-atrox
58cd93d84d,storeria-occipitomaculata
ac2b560e59,opheodrys-aestivus
c68022554f,pituophis-catenifer
e68457fe19,thamnophis-sirtalis
23dd09c2b6,thamnophis-proximus
79594b42ef,nerodia-erythrogaster
f45f8ee077,agkistrodon-contortrix
8639fe5b0f,storeria-dekayi
46d28d1bf2,thamnophis-sirtalis
1104584d38,pituophis-catenifer
22784e30bd,storeria-dekayi
f481c83182,thamnophis-sirtalis
68642c8410,storeria-dekayi
0989b197e5,pantherophis-obsoletus
54705e5068,pituophis-catenifer
1309de6784,nerodia-erythrogaster
a1ba32ac3d,nerodia-sipedon
d210b0b664,crotalus-atrox
17b3968ced,pantherophis-alleghaniensis
b9a8b67b16,agkistrodon-contortrix
a6eefff8e9,crotalus-atrox
c20c4fedeb,pituophis-catenifer
e3497219ae,crotalus-atrox
b250c512df,storeria-dekayi
3355a69bda,agkistrodon-contortrix
3dfa5ad947,thamnophis-sirtalis
f9d30e7c25,pantherophis-alleghaniensis
8e3a442218,nerodia-fasciata
3ded70d7c3,agkistrodon-contortrix
5ae9d343e8,pantherophis-spiloides
6ca03f6d63,storeria-dekayi
2145486df9,storeria-dekayi
00a3b82892,thamnophis-marcianus
ed7b95d537,storeria-dekayi
f9a3564f88,thamnophis-sirtalis
40b6a032cf,pantherophis-obsoletus
998a1cbe5a,storeria-dekayi
ab888375df,lampropeltis-californiae
35e116cab9,agkistrodon-contortrix
e801ee6840,storeria-dekayi
f4f5dd040b,pantherophis-obsoletus
c68656ee58,thamnophis-radix
227ad5b05c,nerodia-sipedon
27fe381477,agkistrodon-contortrix
0ce29ac201,opheodrys-aestivus
9510d33970,agkistrodon-contortrix
5d5286410a,thamnophis-sirtalis
3d6339ea74,thamnophis-sirtalis
3fc4c2a5e1,agkistrodon-contortrix
d6a80b7b94,pantherophis-spiloides
bba431d5d4,thamnophis-sirtalis
21deaeaa17,rhinocheilus-lecontei
8830373ae9,pantherophis-obsoletus
963998afb6,crotalus-atrox
c2719ab3f2,agkistrodon-piscivorus
28c9bd4b10,nerodia-sipedon
a2ff49924c,lampropeltis-triangulum
96c0e968cf,opheodrys-aestivus
4aae3ed36b,thamnophis-sirtalis
090abdc8b8,thamnophis-sirtalis
b79cdcde09,pantherophis-obsoletus
ec24a7dba0,lampropeltis-californiae
f4459bc74a,crotalus-atrox
d0283c614b,pantherophis-alleghaniensis
e5e4aeeaf7,thamnophis-sirtalis
063269761f,thamnophis-sirtalis
d6ed42c50b,thamnophis-sirtalis
15f4557735,storeria-dekayi
e849f57aaa,crotalus-atrox
6f2637eba0,thamnophis-sirtalis
cbfddc9c88,pantherophis-obsoletus
31b15b7404,thamnophis-proximus
b1e89ad24e,thamnophis-sirtalis
8a68c61789,thamnophis-proximus
3b7ab4e0d8,lampropeltis-californiae
bf1a3b7b79,diadophis-punctatus
98e71c5873,opheodrys-aestivus
7ede553357,crotalus-horridus
3e733e66de,crotalus-scutulatus
8e4a48cec4,crotalus-atrox
fb5fc3ff56,diadophis-punctatus
8a604f1ddc,nerodia-erythrogaster
3327333217,crotalus-horridus
a4936afac4,pantherophis-obsoletus
9a07607611,thamnophis-sirtalis
2cb9a689f8,storeria-dekayi
11a5d8337e,diadophis-punctatus
7b7a456cd9,storeria-dekayi
561e39734f,lampropeltis-triangulum
4fadd04098,crotalus-atrox
d1eb8d51ae,pantherophis-alleghaniensis
a60ce6d077,opheodrys-aestivus
9450d432f1,pantherophis-obsoletus
2efa69a2f5,diadophis-punctatus
eff565b0e9,thamnophis-proximus
8a40ad504a,storeria-dekayi
1b340371e5,thamnophis-sirtalis
bbbcf461fd,natrix-natrix
482495a29c,nerodia-erythrogaster
fd5e259ea8,pantherophis-obsoletus
213acb4781,lampropeltis-triangulum
a32ca206e4,crotalus-atrox
c834e92d7b,lampropeltis-californiae
820f329919,thamnophis-sirtalis
3e2ea403b2,thamnophis-sirtalis
02fa6b3ee5,thamnophis-sirtalis
82b1d44782,thamnophis-radix
713804346e,nerodia-sipedon
78ed1037b8,pituophis-catenifer
58a809a5da,nerodia-sipedon
986467ee6d,storeria-dekayi
fb5ea6dd78,crotalus-horridus
0f5042aa5a,thamnophis-sirtalis
25bc9f384d,crotalus-atrox
4fa2f1b008,storeria-dekayi
97254f0a1e,thamnophis-sirtalis
316bdbcb02,agkistrodon-piscivorus
cbb770ff5a,thamnophis-sirtalis
f8ac5953cb,pantherophis-alleghaniensis
84614e40b8,thamnophis-sirtalis
5d046e4a57,agkistrodon-piscivorus
b830d5dbe5,agkistrodon-piscivorus
b0669937f2,nerodia-sipedon
d5636c22bd,pantherophis-alleghaniensis
a28a1a35a7,nerodia-erythrogaster
bd4f7d349e,nerodia-erythrogaster
0cff3cb843,crotalus-horridus
55e04b0100,crotalus-ruber
ae76c25b30,nerodia-sipedon
7d316f0c9d,pituophis-catenifer
012154c583,pantherophis-vulpinus
054a536789,lampropeltis-triangulum
230c70d896,pituophis-catenifer
75206b0c2d,crotalus-atrox
14cc5c0b07,crotalus-atrox
414c6c1e8c,storeria-dekayi
90e93122c1,pituophis-catenifer
f519f23157,crotalus-ruber
9aac958618,lampropeltis-triangulum
aa16a509cf,thamnophis-sirtalis
b9d53ffd45,pantherophis-guttatus
d1b7d9ba22,opheodrys-aestivus
0d39054a9c,storeria-dekayi
0e8f2965b4,crotalus-atrox
f22cb96859,pituophis-catenifer
0d53f3592b,agkistrodon-contortrix
da4b78e030,pantherophis-obsoletus
bc238794f9,diadophis-punctatus
ace4428288,crotalus-atrox
affc413c04,storeria-dekayi
72d0f049bf,storeria-dekayi
c4b9384f10,thamnophis-sirtalis
9310ca3b13,storeria-dekayi
8b5cd0f884,agkistrodon-piscivorus
cf0eb86b3b,lampropeltis-californiae
2ae2c1199a,thamnophis-sirtalis
13cfe36156,nerodia-erythrogaster
08e0a784b9,opheodrys-aestivus
22b4344fa1,thamnophis-sirtalis
2b88eaac56,thamnophis-sirtalis
2049112874,thamnophis-sirtalis
07f075d594,storeria-dekayi
9363d2c4be,opheodrys-aestivus
e36fa6f2e6,lampropeltis-californiae
fe298a3058,crotalus-ruber
1b9dd02d06,storeria-dekayi
d931cd921f,thamnophis-sirtalis
65ba6853da,pantherophis-alleghaniensis
ddb3fdca4e,agkistrodon-contortrix
a370764eb5,crotalus-atrox
9262535d19,opheodrys-aestivus
d5998a22fb,thamnophis-sirtalis
bb222ddaa9,lampropeltis-californiae
c5843ff6bc,storeria-dekayi
b681aee40c,crotalus-atrox
1bac862621,rhinocheilus-lecontei
62d1292fff,pantherophis-spiloides
7391e1f35e,storeria-dekayi
6e9284955c,pituophis-catenifer
43cf88006f,thamnophis-sirtalis
bd43b49990,pantherophis-alleghaniensis
770de8c393,pantherophis-obsoletus
fc4dbc6d5d,storeria-dekayi
11649cec48,thamnophis-radix
c368ede9c3,thamnophis-sirtalis
f08e8cb28b,lampropeltis-californiae
138924be68,storeria-dekayi
7120a62958,agkistrodon-piscivorus
c3bd25298d,storeria-dekayi
2783f6e72e,crotalus-viridis
95f24f6dbf,pantherophis-alleghaniensis
afc6314ff1,pantherophis-obsoletus
59cd4c4417,thamnophis-sirtalis
3412a66683,storeria-dekayi
75252599b9,rhinocheilus-lecontei
4d5e7f22ae,thamnophis-sirtalis
f47788339e,nerodia-sipedon
8a1f773d30,pantherophis-obsoletus
71e4a3726c,pituophis-catenifer
6f7f36069e,pituophis-catenifer
b2c3d5d9fb,pituophis-catenifer
d23b088919,crotalus-atrox
8601628d1f,storeria-dekayi
6d998bc9af,storeria-dekayi
3b0596bd51,pituophis-catenifer
b11275c440,crotalus-atrox
0a238c03e4,thamnophis-proximus
89428de91a,coluber-constrictor
57cec6689a,storeria-dekayi
855bd99878,storeria-dekayi
56c75093dd,pantherophis-obsoletus
da8f5e5486,thamnophis-proximus
451a823673,thamnophis-sirtalis
995da4bdfe,nerodia-sipedon
37ee5eb735,thamnophis-sirtalis
3338b33890,nerodia-sipedon
dd01683edc,diadophis-punctatus
1ce0e88a44,thamnophis-sirtalis
0b739e266e,rhinocheilus-lecontei
c0fa7df5de,pantherophis-alleghaniensis
b0ebe0ec7c,nerodia-erythrogaster
aca563e081,nerodia-fasciata
0e00591aa0,thamnophis-sirtalis
b38fb09f8b,heterodon-platirhinos
fb2fc7f287,thamnophis-sirtalis
36beae29d4,coluber-constrictor
35a1801b68,agkistrodon-contortrix
47e66422c8,thamnophis-sirtalis
4bb9005883,storeria-dekayi
e754670fa9,opheodrys-aestivus
580f638042,thamnophis-sirtalis
e5a3e55619,agkistrodon-piscivorus
c508eadaf2,storeria-dekayi
76cdffaffb,storeria-dekayi
a8fae46a5a,storeria-dekayi
092388daba,thamnophis-sirtalis
cceb5470db,coluber-constrictor
67d1d73480,nerodia-erythrogaster
00fefc891d,pantherophis-alleghaniensis
99206af14b,crotalus-atrox
ba126f9814,crotalus-horridus
5c17e68b40,lampropeltis-triangulum
a8cf67b3cd,lampropeltis-californiae
f3ecca6910,storeria-dekayi
44827e0c96,crotalus-ruber
f037d55664,thamnophis-sirtalis
5179b57412,thamnophis-sirtalis
22533e6b71,pantherophis-spiloides
25b2fbd6ca,storeria-dekayi
6e0adfbf99,thamnophis-sirtalis
15003d8072,thamnophis-sirtalis
dc0f71785b,storeria-dekayi
79d92b5155,storeria-occipitomaculata
2d146d1f12,lampropeltis-triangulum
81176ee1c5,thamnophis-sirtalis
64e02bed8b,thamnophis-sirtalis
1d8ea15457,pantherophis-obsoletus
8cfc6dd3fc,nerodia-sipedon
5b1613f007,storeria-dekayi
8586ab31a9,thamnophis-sirtalis
14b51564a5,pantherophis-guttatus
b107b5bfec,crotalus-atrox
b19e082892,pituophis-catenifer
16fbebdc1f,storeria-dekayi
0e7368ddf1,thamnophis-sirtalis
84191bfd5a,thamnophis-sirtalis
7f4df9bad8,thamnophis-sirtalis
68f05a3a85,pantherophis-alleghaniensis
fff8bffdb0,crotalus-atrox
a0b9ba917f,nerodia-erythrogaster
38cfa09840,thamnophis-marcianus
b639c34385,rhinocheilus-lecontei
3abfa44d66,thamnophis-sirtalis
8e7302d0c7,pantherophis-obsoletus
c074d2a3c3,nerodia-sipedon
65406d36a7,storeria-dekayi
093655b322,lampropeltis-californiae
f143d212b3,thamnophis-sirtalis
a763ba3648,thamnophis-sirtalis
083e3b50fd,agkistrodon-piscivorus
6fecaaf9f8,crotalus-atrox
ef82006232,pituophis-catenifer
0138d2cb1a,agkistrodon-contortrix
aff4a2c922,thamnophis-sirtalis
9582dbeb27,pantherophis-obsoletus
c82b0038fb,thamnophis-radix
2d26350d5f,coluber-constrictor
50d38f3707,nerodia-sipedon
39d5cf451b,thamnophis-sirtalis
575fd1acd4,pantherophis-obsoletus
1ae509bbff,pantherophis-obsoletus
17bff00b28,pantherophis-alleghaniensis
5126df2646,coluber-constrictor
fb1ea63ee1,storeria-dekayi
4653c6fd7c,crotalus-atrox
b92b1aedcc,crotalus-atrox
7aed34b899,storeria-dekayi
624b2cc236,storeria-dekayi
a7bce1f266,nerodia-erythrogaster
a5f85aab22,crotalus-atrox
7517bb0623,storeria-dekayi
022d71aae9,rhinocheilus-lecontei
ec2cb44a7f,storeria-dekayi
7b073b871d,thamnophis-radix
96e30cfac5,lampropeltis-triangulum
9b09290d21,nerodia-sipedon
65faa9df15,storeria-dekayi
3ff941e398,natrix-natrix
7a85d0a38f,lampropeltis-triangulum
dff6304429,agkistrodon-contortrix
cf79767545,opheodrys-aestivus
5360e19610,pantherophis-obsoletus
d0a8efe351,thamnophis-sirtalis
fae66dee74,storeria-dekayi
0823016b69,lampropeltis-californiae
a5bd623c6a,agkistrodon-contortrix
4142bb2db1,pantherophis-obsoletus
5ac87d5d17,thamnophis-sirtalis
385ea02927,pituophis-catenifer
423c84462d,crotalus-horridus
9ae22849c1,thamnophis-sirtalis
0cc412b743,storeria-dekayi
1e04c22e2f,nerodia-sipedon
237efd22ef,thamnophis-sirtalis
e2c8b01054,agkistrodon-contortrix
68e08979eb,pantherophis-alleghaniensis
fe015ee591,opheodrys-aestivus
fc94ed1d6d,pantherophis-obsoletus
4ebadc4b4b,thamnophis-sirtalis
ebee509f76,pituophis-catenifer
37acecc0dd,lampropeltis-triangulum
559a737051,thamnophis-sirtalis
11373da95a,agkistrodon-contortrix
9a6e35d716,diadophis-punctatus
5feb234354,storeria-dekayi
f6058731c7,thamnophis-sirtalis
3981bb53f1,nerodia-sipedon
baa3f02141,agkistrodon-contortrix
13a059d87a,crotalus-atrox
ca291a5737,thamnophis-sirtalis
cfa7ab3db8,diadophis-punctatus
f8c29af6a4,crotalus-atrox
ac132f5934,nerodia-sipedon
32edd9e217,pantherophis-obsoletus
f94be71c7a,thamnophis-sirtalis
f354b8dfe7,pituophis-catenifer
fe50e904ff,storeria-dekayi
84fcbb8e68,storeria-dekayi
a7f5375ba7,thamnophis-proximus
f5215fb122,crotalus-ruber
36c233f563,pantherophis-alleghaniensis
72e92d074b,diadophis-punctatus
86a2ca0b18,crotalus-horridus
a45609e2f1,pituophis-catenifer
03d156d9ee,opheodrys-aestivus
21c06dfcf8,nerodia-erythrogaster
5a5ed0a9f9,lampropeltis-californiae
3170f538d1,crotalus-horridus
40f8894ab0,diadophis-punctatus
a8f470944a,coluber-constrictor
49cd434b18,crotalus-viridis
a8ae4b2cc4,thamnophis-sirtalis
5e4b3549cb,thamnophis-radix
add4ded433,agkistrodon-piscivorus
c0575f37ac,nerodia-sipedon
46058d8161,agkistrodon-contortrix
aa4b3d2785,thamnophis-sirtalis
1edb40263d,crotalus-scutulatus
2afdb4999f,crotalus-atrox
3bd72284b8,thamnophis-sirtalis
13ebc1770d,pantherophis-alleghaniensis
8161aa3270,thamnophis-sirtalis
77cdc9894e,agkistrodon-piscivorus
e6f6b08dc0,thamnophis-sirtalis
c3c66a42cd,thamnophis-sirtalis
0297424cbd,storeria-dekayi
72b767e027,thamnophis-sirtalis
291cd9c481,crotalus-atrox
72fd0c7625,agkistrodon-contortrix
8293286f7c,pantherophis-obsoletus
6ffd88def2,crotalus-atrox
f9bbc7153a,crotalus-horridus
ff85bf00f2,thamnophis-sirtalis
5eab328c5b,thamnophis-sirtalis
47e8f1b843,thamnophis-sirtalis
4a56a9830a,agkistrodon-contortrix
0394781976,storeria-dekayi
8fea7a6f67,crotalus-scutulatus
509628b6d3,pituophis-catenifer
1134c2556d,storeria-dekayi
7cb6fcbad3,agkistrodon-contortrix
3d4e749f5c,pantherophis-obsoletus
d98003bb75,nerodia-sipedon
00a9bba384,nerodia-sipedon
9a7b588cb9,storeria-dekayi
2847d4e56d,pantherophis-spiloides
bcfa129e05,opheodrys-aestivus
855792de01,pantherophis-guttatus
86b438d651,pantherophis-obsoletus
072f7c5df5,pantherophis-obsoletus
047788a264,agkistrodon-piscivorus
7b01622a45,pituophis-catenifer
253843f209,pantherophis-obsoletus
6ef01917c6,agkistrodon-contortrix
97a2c7ecb7,opheodrys-aestivus
3e27aded25,crotalus-atrox
662387370b,storeria-dekayi
5a2623981f,crotalus-atrox
62a0846a7f,lampropeltis-californiae
ce17bee7ea,thamnophis-sirtalis
0cbf1992d0,thamnophis-sirtalis
817a7ca50c,lampropeltis-californiae
6b5fdb070a,thamnophis-sirtalis
44e2cc78d3,storeria-dekayi
b99098909e,thamnophis-sirtalis
7de50b5bdc,agkistrodon-contortrix
0b5507f2a9,nerodia-erythrogaster
dece1935ee,storeria-dekayi
5be6313607,thamnophis-sirtalis
9a78bc503d,natrix-natrix
64b48406af,pantherophis-obsoletus
f77e1aa99f,thamnophis-sirtalis
ec209ef519,agkistrodon-contortrix
8e1be27f76,coluber-constrictor
b81a1b1d90,thamnophis-sirtalis
a443ddb908,thamnophis-radix
c2bfddaefb,thamnophis-sirtalis
1ac35b5307,storeria-dekayi
d58eda8969,agkistrodon-piscivorus
c71ddedbd6,storeria-dekayi
bdfce30128,pituophis-catenifer
5767b7291d,lampropeltis-californiae
c447daa98a,agkistrodon-contortrix
05c0503e80,coluber-constrictor
7eab2c68bb,agkistrodon-contortrix
4bb31fa285,thamnophis-sirtalis
bb4b7c9f3b,agkistrodon-contortrix
3292dbb525,lampropeltis-triangulum
54da60ecca,pantherophis-alleghaniensis
8cb85fc58e,pituophis-catenifer
c47ad4521c,lampropeltis-triangulum
b688c60e29,thamnophis-sirtalis
6ff13e6eb6,storeria-dekayi
cb82fa561f,nerodia-erythrogaster
a0bce2082d,pantherophis-guttatus
fec707022c,storeria-dekayi
9b478155ac,thamnophis-sirtalis
cf5d7c4e17,storeria-dekayi
222f09d68c,thamnophis-sirtalis
ebfb1532ab,agkistrodon-contortrix
a7596b0dda,thamnophis-sirtalis
9784892755,storeria-dekayi
23c8856939,storeria-dekayi
d67f206f3d,crotalus-atrox
1c806c5b9b,nerodia-sipedon
4414687ddb,thamnophis-proximus
b48d02b277,opheodrys-aestivus
806789a916,storeria-dekayi
22bddb0584,nerodia-erythrogaster
2e6564e977,thamnophis-sirtalis
dd169804df,diadophis-punctatus
24ae6b28c9,agkistrodon-contortrix
657db6cb59,pituophis-catenifer
2632a10a71,thamnophis-sirtalis
1996c3c0a0,pituophis-catenifer
bd95ef304d,storeria-dekayi
c52ac38aa0,thamnophis-proximus
f54c8489c0,pituophis-catenifer
ae0e1c4a78,pantherophis-alleghaniensis
fbf220a77a,lampropeltis-californiae
e3638b66ab,thamnophis-sirtalis
db4493bb17,pantherophis-obsoletus
1d6504604f,lampropeltis-californiae
d5b1906aa1,pantherophis-obsoletus
e9b8444822,lampropeltis-californiae
ff2bb74401,thamnophis-sirtalis
6b15e3ec5f,agkistrodon-contortrix
8cc2b43e73,pantherophis-guttatus
aa1015e3c8,coluber-constrictor
9acd404c7b,crotalus-atrox
25623b3ce6,storeria-dekayi
e4ff7155e8,lampropeltis-triangulum
adaa93af64,thamnophis-proximus
473b09a338,crotalus-atrox
c63d4c04d9,pituophis-catenifer
502dbd30e8,pantherophis-alleghaniensis
6a6723f2d9,thamnophis-sirtalis
97022292ea,nerodia-erythrogaster
033c590985,lampropeltis-californiae
9877d40edb,pituophis-catenifer
18e8e49c6a,storeria-dekayi
86cb5618f9,crotalus-atrox
172ea701fa,agkistrodon-contortrix
8f25d1fc53,thamnophis-sirtalis
a1177f99c4,storeria-dekayi
4086ec30bf,lampropeltis-triangulum
af114ec554,crotalus-atrox
3a8c8aa252,crotalus-atrox
13d58ec6aa,agkistrodon-contortrix
95f1a02753,pantherophis-alleghaniensis
3fbfac0bbb,thamnophis-sirtalis
9e8f1195b3,crotalus-viridis
10cea40844,storeria-dekayi
526c9eac74,crotalus-atrox
958f27ae53,crotalus-ruber
a2d253f06d,lampropeltis-triangulum
a16e3dec1e,agkistrodon-contortrix
44aa210a3e,crotalus-atrox
53ad81ecbf,diadophis-punctatus
40988857ce,nerodia-sipedon
df783face0,storeria-dekayi
484413b8d3,nerodia-sipedon
80c77ea095,diadophis-punctatus
49734a6ebf,agkistrodon-piscivorus
73801d11da,agkistrodon-contortrix
c334072feb,storeria-dekayi
50e33fc24f,lampropeltis-triangulum
b45b7e4c81,storeria-dekayi
5c6713d750,pantherophis-obsoletus
e97ad14aa0,thamnophis-sirtalis
c0c6aa8b10,rhinocheilus-lecontei
53e70d9cee,thamnophis-sirtalis
b1fb6982cd,diadophis-punctatus
64b358a9bb,opheodrys-aestivus
fdf6135552,storeria-dekayi
cfb9943f32,pantherophis-alleghaniensis
aedeb630da,storeria-dekayi
65683b5376,storeria-dekayi
195c38795c,nerodia-erythrogaster
961f8aa971,storeria-dekayi
ae46441c69,storeria-dekayi
e4a0afbde5,crotalus-atrox
03158930ae,crotalus-ruber
2163674737,pituophis-catenifer
11e97175b8,thamnophis-proximus
e21af6d4b9,crotalus-atrox
a45fc803c9,thamnophis-radix
b78234966e,thamnophis-sirtalis
79e730fef9,lampropeltis-triangulum
512fc9e23c,crotalus-atrox
7245fe93b9,diadophis-punctatus
72115baab1,thamnophis-sirtalis
0a59465b78,crotalus-atrox
6f6c719cd8,rhinocheilus-lecontei
dee1e6d310,agkistrodon-piscivorus
5b04af2d08,rhinocheilus-lecontei
f1c06381a3,thamnophis-sirtalis
f583cab812,heterodon-platirhinos
2540a21720,pantherophis-obsoletus
d3a15518ac,thamnophis-sirtalis
b9179ad8ed,lampropeltis-triangulum
657cdeaa72,storeria-dekayi
1cc583c86f,pantherophis-obsoletus
6a0948343e,agkistrodon-contortrix
7f8c875465,storeria-dekayi
155a2f53cf,pituophis-catenifer
0a00cdd2b8,agkistrodon-contortrix
36f8a53278,nerodia-erythrogaster
532b83a570,thamnophis-sirtalis
aa46c84394,storeria-dekayi
67fea1ff7d,thamnophis-sirtalis
3563d17587,nerodia-erythrogaster
d99ab56103,thamnophis-sirtalis
ea7589812a,agkistrodon-contortrix
9896a79a1d,thamnophis-sirtalis
91a95ef9cb,lampropeltis-californiae
f553f2da1c,thamnophis-sirtalis
5ac5adfab9,pituophis-catenifer
ceb38802d8,thamnophis-sirtalis
eda032e523,storeria-dekayi
4380a651bf,thamnophis-sirtalis
d26718bf1b,nerodia-erythrogaster
18a07e89ac,pantherophis-obsoletus
ba4c35ebf2,pituophis-catenifer
82f95efa2b,nerodia-erythrogaster
3ad0cabc18,thamnophis-proximus
7d23dd1a25,storeria-dekayi
17f7991a24,thamnophis-sirtalis
92e04ca324,thamnophis-sirtalis
0241586560,agkistrodon-contortrix
0ce760d438,crotalus-atrox
8ef78ef2d3,agkistrodon-piscivorus
b4699a9c84,diadophis-punctatus
5888a3e522,thamnophis-sirtalis
b9893aa41a,lampropeltis-triangulum
e7fbaf1783,storeria-dekayi
954cf7d09a,agkistrodon-piscivorus
2289e09d6a,lampropeltis-californiae
560a7820ef,storeria-dekayi
a020682646,lampropeltis-triangulum
f63b571452,lampropeltis-triangulum
96d75bfe8f,agkistrodon-piscivorus
0136882c08,crotalus-horridus
45245a5e5a,nerodia-sipedon
d6f1eb568f,agkistrodon-contortrix
22580dc310,haldea-striatula
688b29b043,crotalus-atrox
dce52386f5,thamnophis-radix
436a5443a6,coluber-constrictor
83bf58f0b1,pituophis-catenifer
fe3fe692d4,heterodon-platirhinos
eca3e3a92b,lampropeltis-triangulum
ac95eb1818,rhinocheilus-lecontei
d1006244a6,pantherophis-vulpinus
959cdb0f88,thamnophis-sirtalis
35dba4ac51,crotalus-atrox
93447ffb77,lampropeltis-californiae
f5315a5875,crotalus-viridis
31614aea45,lampropeltis-californiae
416b4750da,lampropeltis-californiae
7f926d3284,thamnophis-sirtalis
3ccba0002a,pituophis-catenifer
d04605b05d,crotalus-horridus
cfa6f0c0ea,agkistrodon-contortrix
fd2f1d3113,diadophis-punctatus
6c514aa440,crotalus-viridis
9b4ad29201,thamnophis-sirtalis
d6ce6db8ac,lampropeltis-californiae
2c9e196186,storeria-dekayi
2a686ef996,crotalus-atrox
07c9d2aa3b,crotalus-atrox
f3a74d6ee0,pantherophis-obsoletus
0dca38a9c9,opheodrys-aestivus
a75b4f3fb0,thamnophis-radix
32fee7fe2c,nerodia-sipedon
d50acbddb2,nerodia-sipedon
c685ea9df1,pituophis-catenifer
f03aa5df7a,thamnophis-sirtalis
bf1adbeecc,thamnophis-sirtalis
3034db32e1,rhinocheilus-lecontei
463302e361,heterodon-platirhinos
659e1304ed,pituophis-catenifer
783481beb0,storeria-dekayi
91b9c66b6c,crotalus-atrox
8d2b02a4b8,lampropeltis-californiae
68ffd2a53a,thamnophis-sirtalis
5f255f8a6f,pantherophis-spiloides
357c52b2f0,thamnophis-sirtalis
94f8b871bc,thamnophis-sirtalis
71bb3b775f,storeria-dekayi
55a884982c,agkistrodon-contortrix
bd77bff983,lampropeltis-californiae
45df9e533a,storeria-dekayi
b8cc1ff52b,crotalus-atrox
9d63e29dab,pantherophis-alleghaniensis
0c2849a26e,crotalus-atrox
34e6afb98b,nerodia-erythrogaster
7727cb44a1,thamnophis-sirtalis
420c648f8f,thamnophis-sirtalis
10b1acb0b6,pantherophis-vulpinus
cd7d579dab,lampropeltis-californiae
c639c6450f,rhinocheilus-lecontei
e1dce31f83,thamnophis-sirtalis
7e85692fa2,thamnophis-sirtalis
e04df53f33,thamnophis-sirtalis
9818345fa3,agkistrodon-contortrix
9d4ce5b72f,lampropeltis-californiae
b9d8bbfa03,agkistrodon-piscivorus
6dbd0674dd,lampropeltis-californiae
b30e722d22,agkistrodon-contortrix
ce51028899,crotalus-atrox
20c98b7d75,agkistrodon-piscivorus
c6a13f622c,thamnophis-sirtalis
f5f14dcdd2,thamnophis-sirtalis
eed4cc6dda,thamnophis-sirtalis
99d080b04b,crotalus-atrox
5d701c6be6,thamnophis-sirtalis
d2d8c969f4,thamnophis-sirtalis
867f2ef9d9,lampropeltis-triangulum
9f4c9e5d29,lampropeltis-californiae
ca424e0558,thamnophis-sirtalis
94384b64ee,pituophis-catenifer
8227ee21d5,thamnophis-sirtalis
545094975f,crotalus-atrox
734cb7f4b6,lampropeltis-californiae
23f9ca3329,thamnophis-sirtalis
27163ec202,crotalus-atrox
847a278c9a,thamnophis-sirtalis
4d84d06252,storeria-dekayi
c1cbf83f28,agkistrodon-contortrix
83ab914a6d,storeria-dekayi
8d02041d76,pantherophis-guttatus
3857f94d7f,thamnophis-sirtalis
6469909eb8,thamnophis-sirtalis
7be7d952f8,thamnophis-sirtalis
84d4a08b93,storeria-dekayi
386f649b46,thamnophis-proximus
6becc6093d,crotalus-atrox
c264755582,diadophis-punctatus
2c1c60baac,crotalus-atrox
2a7b6c5b9c,storeria-dekayi
68a603b39d,nerodia-sipedon
250946e33d,pantherophis-obsoletus
3dccd63a1c,agkistrodon-contortrix
75ebbc0cd3,thamnophis-sirtalis
5ac4d84b46,crotalus-atrox
521ce40402,thamnophis-sirtalis
53d596c447,opheodrys-aestivus
ad18b657f0,pantherophis-alleghaniensis
a5234ec3be,thamnophis-sirtalis
eaa7edf8dc,thamnophis-sirtalis
c379d985be,crotalus-atrox
bd26891431,agkistrodon-piscivorus
5ea87a2f3d,agkistrodon-piscivorus
8456d0ce23,pituophis-catenifer
dea4ad3c5c,crotalus-atrox
82c4e51f8a,storeria-occipitomaculata
3619f16494,crotalus-atrox
7ff5570d2f,crotalus-atrox
3d35b26c1a,crotalus-atrox
3c187495d8,crotalus-atrox
9316eb7237,pituophis-catenifer
d76ff1ac44,lampropeltis-californiae
9b5096caa1,thamnophis-sirtalis
223cc7e8a6,agkistrodon-piscivorus
2eccd64667,thamnophis-sirtalis
534d81b3e3,thamnophis-proximus
3f63e4612d,crotalus-atrox
c2ad7b1b76,opheodrys-aestivus
11f0e3c25b,nerodia-erythrogaster
a4bf73e176,crotalus-atrox
e10bcc9899,crotalus-atrox
9059623576,crotalus-atrox
f05faa4bb1,pantherophis-vulpinus
0bec79eaff,crotalus-atrox
c685e04441,thamnophis-proximus
e9b38ba43f,thamnophis-radix
d484524f6a,thamnophis-proximus
3702f63d72,thamnophis-sirtalis
a89830d58e,pantherophis-obsoletus
47efeda4fa,storeria-dekayi
2fab3b74e1,thamnophis-sirtalis
3addd707c9,pantherophis-obsoletus
c935ce3db7,opheodrys-aestivus
c28fa93914,pantherophis-alleghaniensis
da99774679,thamnophis-proximus
b6467c0d86,crotalus-atrox
7c700cba7a,pituophis-catenifer
372bc68670,storeria-dekayi
f8f3d41360,lampropeltis-californiae
9e7a2e94c4,storeria-dekayi
6fd275d6f8,coluber-constrictor
fba47323dd,storeria-dekayi
a17470a422,pantherophis-vulpinus
9bbb1238dd,agkistrodon-piscivorus
999b3783d7,thamnophis-radix
df1007a11e,thamnophis-sirtalis
b937924469,lampropeltis-californiae
27046a7f7d,opheodrys-aestivus
64b71700c0,thamnophis-sirtalis
1e56fb5139,agkistrodon-piscivorus
14c1f66246,thamnophis-sirtalis
c64eb91ae4,storeria-dekayi
957c00b573,pantherophis-vulpinus
ed26fe7996,agkistrodon-contortrix
8ec81d1cab,thamnophis-sirtalis
94f3aa78e0,pituophis-catenifer
6ce6de9def,thamnophis-sirtalis
9d0d36b4b2,pantherophis-obsoletus
66c69c2d1a,nerodia-erythrogaster
96964b08d8,crotalus-atrox
f2f891850d,pantherophis-obsoletus
798c090b10,nerodia-sipedon
93238c9b55,storeria-dekayi
2d45d24990,thamnophis-sirtalis
bde7c1f5cc,pantherophis-alleghaniensis
594cc3fd5a,agkistrodon-contortrix
a14372c89f,storeria-dekayi
053bbbfcb7,pituophis-catenifer
17b6bccd26,thamnophis-sirtalis
c606bb7282,pituophis-catenifer
3c79a2b1b5,crotalus-atrox
10c35c9661,storeria-dekayi
c084141ebb,nerodia-sipedon
73bda1efb3,crotalus-atrox
5f7a87f204,pantherophis-alleghaniensis
2b07b7f1fc,storeria-dekayi
25f552c213,pantherophis-obsoletus
ee52483077,storeria-dekayi
442a001933,crotalus-horridus
40fb202092,pantherophis-alleghaniensis
0bef464da6,pantherophis-obsoletus
8b2bbb9546,crotalus-atrox
d582a92123,crotalus-horridus
b79eb2b0fb,rhinocheilus-lecontei
3e948e13ad,lampropeltis-californiae
bfae6bd6d5,crotalus-atrox
8cffcf426d,natrix-natrix
4b63db7a28,agkistrodon-contortrix
1d3c4f7d2f,thamnophis-sirtalis
ca0e73a30b,pantherophis-obsoletus
f41723b2b7,thamnophis-proximus
b6bcd1799a,thamnophis-proximus
ed8e92ecf1,crotalus-atrox
37f32fb0ba,storeria-dekayi
c6234d79bb,pantherophis-obsoletus
4f7b14d1e9,nerodia-sipedon
fdbcf4aa99,pituophis-catenifer
4af6d73d49,thamnophis-sirtalis
31038dddc5,pantherophis-alleghaniensis
f156e4b9ad,thamnophis-proximus
a1d9f93887,crotalus-atrox
68570123d7,storeria-dekayi
a075ddf05c,rhinocheilus-lecontei
9aaf30ca4e,storeria-dekayi
221b1ee2f1,thamnophis-sirtalis
c484be18d6,storeria-dekayi
94b92dedec,agkistrodon-piscivorus
93c4e94fba,pantherophis-obsoletus
b1cb0097f1,thamnophis-sirtalis
be80579760,crotalus-horridus
82e701f9a7,opheodrys-aestivus
6f885777ae,agkistrodon-piscivorus
375696a37f,diadophis-punctatus
194d8bc5a0,thamnophis-sirtalis
23e13b5ba3,thamnophis-sirtalis
59b1221597,lampropeltis-californiae
902ba5f792,storeria-dekayi
d81bbe11bb,nerodia-rhombifer
7b7117f0c1,pantherophis-obsoletus
c612cc9390,coluber-constrictor
ec5bf8fc94,rhinocheilus-lecontei
36d521dbd5,thamnophis-sirtalis
f5b2a347ff,nerodia-sipedon
3da4f0bcba,thamnophis-sirtalis
776bf9c3e7,thamnophis-sirtalis
9ebfc32ad0,pantherophis-alleghaniensis
14ae30c15b,nerodia-fasciata
9270b2e18c,pantherophis-guttatus
14265d230f,lampropeltis-californiae
8bbc299a40,lampropeltis-californiae
c1039f5273,lampropeltis-triangulum
f1ce7a658c,lampropeltis-californiae
4702bb06b2,thamnophis-sirtalis
7cd411e836,storeria-dekayi
5ab3fc3b21,crotalus-viridis
53a5a161de,crotalus-horridus
6a5c796675,thamnophis-sirtalis
861b144528,pantherophis-alleghaniensis
b3b1353fab,crotalus-atrox
88608b60c6,thamnophis-sirtalis
0d20d1c1a2,agkistrodon-contortrix
26ea706d87,thamnophis-sirtalis
54dcbb96e0,thamnophis-radix
902a71bf05,pantherophis-obsoletus
6a5112a54d,pantherophis-obsoletus
f35100aade,agkistrodon-contortrix
9a73a81dff,crotalus-atrox
1e416f3e13,storeria-dekayi
9b56093388,agkistrodon-contortrix
39ae08a8a2,thamnophis-sirtalis
90b9422778,storeria-dekayi
a265b17556,storeria-dekayi
06bfe160bc,pantherophis-obsoletus
d96a2f8208,rhinocheilus-lecontei
ec7281cd7c,crotalus-atrox
5afeda65d0,pantherophis-alleghaniensis
6aec488970,pituophis-catenifer
d9282cfc2f,lampropeltis-californiae
87fff43cf4,pantherophis-obsoletus
daac1e1960,thamnophis-sirtalis
d92656ecc3,lampropeltis-californiae
d93873fdb7,nerodia-sipedon
f89b383858,storeria-dekayi
c0062f2cd3,thamnophis-sirtalis
ab227abef4,nerodia-sipedon
c33c94bd3d,thamnophis-sirtalis
79783161b7,lampropeltis-triangulum
2472af6c57,pantherophis-obsoletus
ab72fae277,rhinocheilus-lecontei
11660a3b49,pituophis-catenifer
2c03979041,thamnophis-sirtalis
6869daa30d,crotalus-atrox
5405370c87,crotalus-atrox
401f315389,thamnophis-radix
eacde65a87,agkistrodon-piscivorus
c98b81ad8a,crotalus-atrox
b7fe892e44,crotalus-viridis
dc6f3721ba,pantherophis-obsoletus
4a247becfb,opheodrys-aestivus
282ce15a59,thamnophis-sirtalis
341d33701d,crotalus-atrox
0d08d8becf,thamnophis-sirtalis
274e3979b2,rhinocheilus-lecontei
dbc89aa6fc,opheodrys-aestivus
9000233532,nerodia-sipedon
8486c55d6c,storeria-dekayi
366c0f8d42,thamnophis-sirtalis
9b755092e4,pantherophis-obsoletus
c237e67115,thamnophis-sirtalis
bbbaf02d7b,thamnophis-radix
3c8edae2a4,pituophis-catenifer
7b0ad73599,pantherophis-alleghaniensis
162a7cdf2a,pantherophis-guttatus
ca469b7a27,diadophis-punctatus
3d0d434f77,thamnophis-sirtalis
f00a203827,lampropeltis-triangulum
3b99bf84d6,storeria-dekayi
4598203b0a,pituophis-catenifer
b812b08083,lampropeltis-californiae
2fc944bb61,agkistrodon-contortrix
02eda2c865,crotalus-viridis
1930c4ef59,pantherophis-obsoletus
8610476c82,pantherophis-spiloides
b1d492d342,thamnophis-sirtalis
6ee21f4bbc,crotalus-ruber
f457c263c5,storeria-dekayi
5653096047,crotalus-atrox
2abb924a58,rhinocheilus-lecontei
cc01857305,nerodia-sipedon
6c5e01ce28,storeria-dekayi
a8827df7c1,crotalus-atrox
0497ecfd64,thamnophis-sirtalis
77cb900136,crotalus-atrox
8fa0dcc6df,pantherophis-spiloides
9dabb5ee25,pituophis-catenifer
860bb58cdf,crotalus-atrox
bcaa37e00c,storeria-dekayi
ee31dcdf27,diadophis-punctatus
c25b2a530d,agkistrodon-contortrix
17b254d95e,lampropeltis-triangulum
3d90e98161,storeria-dekayi
f8e59232c8,thamnophis-sirtalis
ef54757e06,pantherophis-obsoletus
05bbc5070b,thamnophis-sirtalis
78398b7b6c,pituophis-catenifer
cc51485193,lampropeltis-triangulum
20070bf8e0,agkistrodon-contortrix
0f1924cf80,coluber-constrictor
69d4b15fd1,lampropeltis-triangulum
dc5f2f060a,opheodrys-aestivus
494fb17d3f,heterodon-platirhinos
ff7735def6,thamnophis-sirtalis
2f774a0168,pituophis-catenifer
231da2602e,thamnophis-sirtalis
3f36710eb6,crotalus-atrox
bd5a29330a,pantherophis-vulpinus
92643765f4,nerodia-sipedon
6f4a0cf636,thamnophis-sirtalis
c3e988cbe7,storeria-dekayi
b5293b81b0,crotalus-viridis
e2839b926b,diadophis-punctatus
deb68826e6,storeria-dekayi
3ae45feeeb,coluber-constrictor
63da8e83a5,agkistrodon-piscivorus
d846222a27,thamnophis-sirtalis
a38e41fd76,pantherophis-obsoletus
790aa417c2,thamnophis-sirtalis
6c2e15cfe3,storeria-dekayi
0c89d31702,lampropeltis-triangulum
d8f3e2543c,agkistrodon-piscivorus
59979fbad2,crotalus-atrox
d8fe032fe4,pantherophis-obsoletus
12fda3c135,agkistrodon-contortrix
01bc7841f0,storeria-dekayi
e81c30e876,thamnophis-sirtalis
b4d280970e,nerodia-sipedon
85bbb1d3fc,diadophis-punctatus
038eefc633,pantherophis-obsoletus
8221410682,pituophis-catenifer
a9bd8d4550,thamnophis-sirtalis
6bc53a3ab8,pantherophis-obsoletus
b1606f2410,pituophis-catenifer
1f36f26994,storeria-dekayi
ccd99e20ab,agkistrodon-contortrix
35b25084a8,haldea-striatula
797bf37edf,storeria-dekayi
c0a9301d14,diadophis-punctatus
5bb72556f9,pantherophis-obsoletus
07624666fb,crotalus-atrox
316d089f08,lampropeltis-triangulum
b9509d1721,storeria-dekayi
8ce3cee642,pantherophis-obsoletus
fb500e597c,agkistrodon-contortrix
0290d68533,pantherophis-vulpinus
b1286d3868,natrix-natrix
5dbde45405,storeria-dekayi
358af00cdd,crotalus-atrox
9be3399776,opheodrys-aestivus
6fcc4ea871,nerodia-sipedon
8d13d818de,agkistrodon-contortrix
0fdca857ba,crotalus-atrox
4c885eabe4,opheodrys-aestivus
d1741bbdfa,thamnophis-sirtalis
160ff28e12,storeria-dekayi
0a92678115,agkistrodon-contortrix
3e53802c11,crotalus-atrox
6e0bc47bff,crotalus-atrox
e264f04ce9,pituophis-catenifer
26cab4eb5c,coluber-constrictor
fa0e46865e,crotalus-atrox
d20b9db32d,thamnophis-sirtalis
ccb79ed307,crotalus-atrox
7c34e2cdec,lampropeltis-triangulum
5f46d656ec,thamnophis-sirtalis
4d051b9208,thamnophis-sirtalis
3e3c7d6a97,pantherophis-alleghaniensis
839899700a,pantherophis-obsoletus
d69f21de4e,thamnophis-sirtalis
7012d40d2f,opheodrys-aestivus
4d2299d5dc,agkistrodon-contortrix
d19b66d326,agkistrodon-contortrix
5366409cc9,thamnophis-proximus
6e66f9667f,thamnophis-sirtalis
639ea18f23,storeria-dekayi
2b9180fb4f,nerodia-fasciata
e4827f9295,pantherophis-obsoletus
783d628cbf,crotalus-horridus
ef07005750,storeria-dekayi
ab501eeaa1,thamnophis-sirtalis
c0f77950f7,thamnophis-sirtalis
e0e5b99f06,pantherophis-obsoletus
e97ba49b46,nerodia-sipedon
c375eaa47c,nerodia-sipedon
93ad7fe563,opheodrys-aestivus
63d96d44bd,pantherophis-obsoletus
ebcbf1382f,crotalus-ruber
b142b8a891,storeria-dekayi
0dddf76dfe,opheodrys-aestivus
d803830007,thamnophis-sirtalis
eaa331f24e,pantherophis-obsoletus
48be242050,opheodrys-aestivus
5e8c069be7,rhinocheilus-lecontei
48807c6a7f,pantherophis-obsoletus
37503e8da9,opheodrys-aestivus
e7d07009df,diadophis-punctatus
785ba4871f,thamnophis-sirtalis
374615f6fb,thamnophis-sirtalis
d112dcec1e,storeria-dekayi
7cead4b1c3,lampropeltis-californiae
a7723f7ef4,thamnophis-sirtalis
924799e3f4,thamnophis-sirtalis
8add8bfac9,thamnophis-radix
e1d6453f2b,thamnophis-sirtalis
54d2fa2eda,thamnophis-sirtalis
9ce405566f,lampropeltis-californiae
47a8ec4f3e,crotalus-atrox
7c71df0f36,pantherophis-alleghaniensis
f5464b6c4d,storeria-dekayi
c6a741646d,crotalus-atrox
f01f1bf65f,agkistrodon-contortrix
7a35c857bc,nerodia-sipedon
7230d4cc69,agkistrodon-contortrix
533805ace7,pituophis-catenifer
4228389f4b,lampropeltis-triangulum
f2b9362dd4,thamnophis-sirtalis
89aac8751e,opheodrys-aestivus
bbd20396ee,opheodrys-aestivus
480178afdb,opheodrys-aestivus
70355e73f8,thamnophis-sirtalis
e211c36384,thamnophis-sirtalis
64808b2252,thamnophis-sirtalis
2b9e221d99,nerodia-sipedon
c2e01b4390,masticophis-flagellum
b22d6d545d,thamnophis-sirtalis
481f91feb4,thamnophis-sirtalis
b3937b0554,agkistrodon-piscivorus
71150f768b,crotalus-atrox
46ee76ccb8,storeria-dekayi
33327a3289,pantherophis-obsoletus
59e07d0848,storeria-dekayi
180a56f143,pantherophis-obsoletus
b137ef058f,pantherophis-obsoletus
6e104122dd,thamnophis-sirtalis
fc2019398b,crotalus-viridis
b4ee296fbe,storeria-dekayi
e0f8e741d4,thamnophis-sirtalis
36ff5e2a56,crotalus-atrox
380f7deecf,thamnophis-sirtalis
b960c924af,storeria-dekayi
99a3b654d0,crotalus-atrox
4bbc8c4bcb,crotalus-atrox
5ac813acff,opheodrys-aestivus
02a78ae220,lampropeltis-californiae
4733a797e4,thamnophis-sirtalis
d0c7913d75,crotalus-atrox
7b5344ccfd,thamnophis-sirtalis
7ca16d8c1b,storeria-dekayi
618148c93a,thamnophis-sirtalis
601a036889,pantherophis-alleghaniensis
14766b3230,diadophis-punctatus
684a7b08ae,agkistrodon-contortrix
9f10e1116b,pantherophis-obsoletus
90c8498d65,agkistrodon-contortrix
07a1325194,coluber-constrictor
5d448c05e1,pantherophis-alleghaniensis
452124f26d,storeria-dekayi
de6161fc29,pantherophis-spiloides
07ad933b01,nerodia-erythrogaster
0cbc0f68b6,thamnophis-sirtalis
2988f6b14e,thamnophis-sirtalis
cc7b9bd6ed,thamnophis-sirtalis
f5f5fa2cb8,thamnophis-sirtalis
8557e64d0e,thamnophis-sirtalis
2f71e4dbc5,diadophis-punctatus
545ed78e38,pantherophis-obsoletus
7b9765dd01,crotalus-atrox
37169c7bb0,nerodia-sipedon
ccdceb7b04,agkistrodon-contortrix
ce31772330,storeria-dekayi
771f6f3fe6,thamnophis-sirtalis
0554b687c1,agkistrodon-piscivorus
f92fe5e5b0,pantherophis-alleghaniensis
87c3cc64a9,thamnophis-sirtalis
a869568b74,crotalus-ruber
a466efd69d,thamnophis-sirtalis
db55095044,pituophis-catenifer
9d5e6df395,lampropeltis-californiae
33b4f8c6ee,opheodrys-aestivus
8fabf4c798,storeria-dekayi
8d63dc0ed6,thamnophis-radix
e9bb397147,pantherophis-vulpinus
cbd8652fef,pantherophis-obsoletus
2a2b711e1e,pantherophis-obsoletus
1c097f3bb5,agkistrodon-contortrix
bc3799b2df,pantherophis-obsoletus
2e0d21aede,pituophis-catenifer
8bb0c18e00,thamnophis-sirtalis
718bc14e1a,thamnophis-sirtalis
92dc510a40,agkistrodon-piscivorus
48e9e8aff8,crotalus-viridis
6d644b2b27,pituophis-catenifer
325e2a718c,opheodrys-aestivus
c6db7228bb,pantherophis-alleghaniensis
b5171d3348,agkistrodon-contortrix
8713b35996,pituophis-catenifer
87403ef53d,opheodrys-aestivus
1c53a0e9af,nerodia-sipedon
1c54dbdb06,thamnophis-proximus
bed81704c1,agkistrodon-contortrix
9dea0393b2,pantherophis-alleghaniensis
ec60c2ed8a,thamnophis-sirtalis
aa3c457150,agkistrodon-piscivorus
28ed4d6904,opheodrys-aestivus
79e5a876ae,storeria-dekayi
02b5ce8a0d,crotalus-horridus
c795f9a09c,thamnophis-sirtalis
d1f106e978,agkistrodon-contortrix
80960684df,thamnophis-sirtalis
7f8365af3d,thamnophis-sirtalis
cd279c6a32,thamnophis-sirtalis
bf0251ff3c,storeria-dekayi
9339f7c45b,storeria-dekayi
5d3e048c96,storeria-dekayi
aee44249a7,pantherophis-obsoletus
77b4a4a25c,pituophis-catenifer
b2ba21f052,agkistrodon-contortrix
e496c7ae34,pituophis-catenifer
33c33c3665,lampropeltis-triangulum
25891d7e28,crotalus-atrox
8a1aa78cda,pantherophis-vulpinus
6f3af7373d,agkistrodon-contortrix
27f2d0f582,pantherophis-obsoletus
6af9df245c,agkistrodon-contortrix
369a02e471,pantherophis-alleghaniensis
a5f24a2ecc,pantherophis-spiloides
e2363c1554,crotalus-atrox
e50bb5978a,diadophis-punctatus
3ccb420d0c,crotalus-horridus
3f304c3d86,agkistrodon-contortrix
6929c425fd,opheodrys-aestivus
785a849ff5,crotalus-atrox
87318c3aca,thamnophis-sirtalis
543995ea87,lampropeltis-triangulum
d483f5a5ce,thamnophis-sirtalis
0fd905ded1,storeria-dekayi
424b8caccf,rhinocheilus-lecontei
bbfba08e73,pantherophis-obsoletus
d44c8d5314,pantherophis-obsoletus
60dd49f8d4,thamnophis-proximus
1e056656bf,thamnophis-sirtalis
40303088fa,nerodia-sipedon
08f107e1e0,thamnophis-sirtalis
b894d764f5,thamnophis-sirtalis
d43a78d6d9,pituophis-catenifer
2cefdedb33,pantherophis-obsoletus
5b30be5fe9,crotalus-ruber
36534fcac5,pantherophis-obsoletus
4b823fb6b9,thamnophis-sirtalis
01ef98f8e1,lampropeltis-californiae
cfb3f52655,crotalus-atrox
3133cffd8c,storeria-dekayi
35b6982636,thamnophis-sirtalis
1cef56fb1e,nerodia-sipedon
ee52b1c3e4,crotalus-atrox
ff8722be40,storeria-dekayi
3dcee426bd,nerodia-sipedon
79ce251e0a,nerodia-sipedon
ecc2bff41e,thamnophis-sirtalis
ef9804663f,thamnophis-sirtalis
827ade5a7b,thamnophis-sirtalis
0d885db042,thamnophis-sirtalis
f4698088c6,lampropeltis-californiae
0a23c6dbed,pantherophis-obsoletus
88c9895e1d,diadophis-punctatus
b58213e015,pituophis-catenifer
84298633ca,pantherophis-obsoletus
e2fcddeb52,crotalus-atrox
018c739beb,natrix-natrix
9315549d3a,thamnophis-radix
8d8734a395,lampropeltis-triangulum
416e8f5071,lampropeltis-triangulum
ee9f2b0478,thamnophis-sirtalis
75b98c6e29,pantherophis-vulpinus
d66c3f3d34,lampropeltis-californiae
207bea7c2e,pantherophis-obsoletus
042411e752,agkistrodon-contortrix
dbe94ca39f,nerodia-sipedon
7cf1559b96,nerodia-rhombifer
55c5a2a0bb,thamnophis-sirtalis
5a7b351a60,storeria-dekayi
603192bd4c,lampropeltis-californiae
9ccf3dc324,agkistrodon-contortrix
3105af6b71,thamnophis-sirtalis
81bf550daa,thamnophis-sirtalis
30d3a273c1,thamnophis-sirtalis
d919c074ed,diadophis-punctatus
51ee9e04f0,pituophis-catenifer
28fc7c65cc,thamnophis-radix
5c3936c628,nerodia-erythrogaster
a6ac17e3d8,thamnophis-sirtalis
d51800edfc,lampropeltis-triangulum
5f6f35c987,crotalus-atrox
7aa2349bd4,pantherophis-alleghaniensis
c3444151d5,heterodon-platirhinos
2006370aad,storeria-dekayi
e42020f71e,agkistrodon-contortrix
18b89918ca,thamnophis-sirtalis
142141ec62,agkistrodon-contortrix
1ca029bf84,natrix-natrix
c095ab66df,storeria-dekayi
db28e1151c,agkistrodon-contortrix
895249fbf8,agkistrodon-contortrix
2b8b168c61,lampropeltis-californiae
d441752d22,nerodia-sipedon
6fa95b4e8d,nerodia-sipedon
d67ee11156,pantherophis-obsoletus
aef6cdef7f,storeria-dekayi
195a2f4c3a,nerodia-erythrogaster
274fd61c14,storeria-dekayi
67d5a9efbe,thamnophis-sirtalis
f10e985810,thamnophis-sirtalis
ad27b3dc95,pantherophis-alleghaniensis
662449a569,pantherophis-vulpinus
f7be9664a7,thamnophis-sirtalis
a01abc8b06,thamnophis-sirtalis
8f31a0a689,crotalus-viridis
e90ba4331c,thamnophis-sirtalis
29da4e905f,thamnophis-sirtalis
2d61b82de7,agkistrodon-piscivorus
f4853bcc67,thamnophis-sirtalis
c5c1619dee,crotalus-viridis
8f457bca60,crotalus-atrox
393100f69f,thamnophis-sirtalis
75053513e4,thamnophis-sirtalis
b9afe1d694,pantherophis-alleghaniensis
ef3c60bc6b,thamnophis-sirtalis
688b2608c8,pantherophis-alleghaniensis
5ae808f8fd,lampropeltis-triangulum
738e860bf3,pantherophis-obsoletus
e46e1ff177,pantherophis-obsoletus
641e266e15,natrix-natrix
f7e249aed9,storeria-dekayi
3aedf03b93,opheodrys-aestivus
1e4f536605,thamnophis-sirtalis
3bbdab923c,coluber-constrictor
018a9dc8d3,agkistrodon-contortrix
5d82166868,thamnophis-sirtalis
756a3734d1,pantherophis-vulpinus
c195a35480,pituophis-catenifer
825908cce1,agkistrodon-piscivorus
3a90a92e92,opheodrys-aestivus
5b4838e1e5,diadophis-punctatus
95a51a0fcd,rhinocheilus-lecontei
b883a88123,agkistrodon-contortrix
87608051e5,thamnophis-sirtalis
985cdf296c,thamnophis-radix
59fe71d682,nerodia-rhombifer
7688910bf6,storeria-dekayi
2f3f358d43,nerodia-erythrogaster
b5b4689c0d,thamnophis-sirtalis
30e4144ba5,storeria-dekayi
3f59a08941,agkistrodon-contortrix
05a6798995,thamnophis-sirtalis
fa6146a028,thamnophis-sirtalis
c3f5e146ba,storeria-dekayi
8c0ecbc291,thamnophis-sirtalis
dafd6dd941,thamnophis-sirtalis
e981adefe8,storeria-dekayi
1b32d18277,opheodrys-aestivus
0a308984b0,heterodon-platirhinos
a294303eeb,nerodia-sipedon
b598056f93,storeria-dekayi
cbe325ab91,thamnophis-sirtalis
99e9171fcb,pantherophis-vulpinus
1be8871524,nerodia-sipedon
9baf0c175d,nerodia-sipedon
86be30154b,pantherophis-vulpinus
65ea1d3d84,crotalus-atrox
f6826f3a44,natrix-natrix
13b138dcc4,agkistrodon-piscivorus
bb4acca82d,thamnophis-sirtalis
1f6403d491,thamnophis-radix
c7c9fdada6,thamnophis-sirtalis
eadd4b193b,thamnophis-sirtalis
55c6c72734,diadophis-punctatus
1672540ff2,thamnophis-sirtalis
379c96f9ac,crotalus-atrox
e63f970c24,storeria-dekayi
a8ea06d10f,thamnophis-sirtalis
c3007e0e16,pituophis-catenifer
d9fca7fbeb,crotalus-atrox
f178404533,thamnophis-sirtalis
2d0a449a11,thamnophis-sirtalis
50ff72a201,thamnophis-sirtalis
30a99aee44,agkistrodon-contortrix
f29d659e71,thamnophis-sirtalis
ccf22994e8,crotalus-atrox
48ac7f1c7d,nerodia-sipedon
c73f697001,thamnophis-sirtalis
7f8f6794e6,pantherophis-obsoletus
94fe7ff244,storeria-dekayi
bbe79f4604,pantherophis-obsoletus
fe652f12b4,crotalus-atrox
9db0bdd59d,opheodrys-aestivus
5a7a965d51,diadophis-punctatus
fba22fecef,lampropeltis-triangulum
2dbe75a840,lampropeltis-triangulum
436330dda2,nerodia-sipedon
48a78ec539,coluber-constrictor
bd2046b98f,agkistrodon-contortrix
1debbd0daa,agkistrodon-piscivorus
ade437840f,thamnophis-sirtalis
9cb7c4fd24,thamnophis-sirtalis
2fc72ef3f4,crotalus-atrox
19bd628df5,storeria-dekayi
f75b87d80d,crotalus-atrox
db3125c33e,thamnophis-sirtalis
c449df8761,diadophis-punctatus
33e62ea503,diadophis-punctatus
f7ab9a3e13,pituophis-catenifer
630628b60b,pituophis-catenifer
4e786381ff,lampropeltis-triangulum
71792ec7f9,agkistrodon-contortrix
143df6c4aa,nerodia-sipedon
2f28b83984,storeria-dekayi
c34e07aea2,nerodia-sipedon
d65c2dc896,thamnophis-sirtalis
9ec71badf5,pantherophis-obsoletus
58663371a3,storeria-dekayi
f756da9b22,storeria-dekayi
f4402d15f7,storeria-dekayi
fed1568a6c,thamnophis-sirtalis
311d69ffb9,thamnophis-marcianus
89a8cb0e76,storeria-dekayi
1012f2362a,pituophis-catenifer
2e97263a6b,diadophis-punctatus
0c02a2f5d7,lampropeltis-californiae
b68524273d,rhinocheilus-lecontei
c3fb1dacc1,coluber-constrictor
b14024890c,thamnophis-sirtalis
dd818fb360,lampropeltis-californiae
d6884444ae,lampropeltis-triangulum
92b9fd66a7,storeria-dekayi
cf457786fd,thamnophis-sirtalis
bc92129dc2,nerodia-erythrogaster
559133de50,crotalus-atrox
624a6c0459,storeria-dekayi
1f393e851f,storeria-dekayi
1e665d3a05,agkistrodon-contortrix
22ee9b9874,lampropeltis-californiae
42b9ebe601,agkistrodon-piscivorus
f9bfc13a70,lampropeltis-triangulum
d0612f3e8a,pantherophis-obsoletus
00e8ba3531,storeria-dekayi
0bc8c8b3d9,nerodia-sipedon
fdb05268b8,lampropeltis-californiae
47241a7a2f,nerodia-sipedon
cac1cf0907,opheodrys-aestivus
b93e2f9f5b,storeria-dekayi
b8c09adadc,thamnophis-sirtalis
da7acc2a0f,crotalus-atrox
eab43ca7a3,storeria-dekayi
a016fbf111,nerodia-sipedon
1b558cc89f,opheodrys-aestivus
da1aeaec34,agkistrodon-contortrix
2f065830d7,crotalus-atrox
fcb8d0382d,pantherophis-obsoletus
caa85de8a4,lampropeltis-californiae
d930d37135,nerodia-sipedon
fd6832ac73,storeria-dekayi
7c712866ff,thamnophis-proximus
9bcdad786e,storeria-dekayi
e8c28b1fa8,storeria-dekayi
d5cb6099b8,thamnophis-radix
332e5c6785,crotalus-atrox
031d5fd2dd,lampropeltis-californiae
d9f6166852,crotalus-atrox
4190fde1f9,pantherophis-obsoletus
f49f11daf4,storeria-dekayi
ef1690ca4f,agkistrodon-contortrix
79553e62b3,lampropeltis-triangulum
2a95741853,pantherophis-vulpinus
4a6b1852d0,storeria-dekayi
3393c3a6eb,nerodia-erythrogaster
521a24cb0a,rhinocheilus-lecontei
772912b335,thamnophis-sirtalis
5cb1e77e60,thamnophis-sirtalis
a9410566e4,thamnophis-proximus
f247f88b68,diadophis-punctatus
b976cbbc89,crotalus-atrox
9db61dea8b,pantherophis-obsoletus
2b8d448683,lampropeltis-californiae
0d5c403d38,agkistrodon-contortrix
d49df213b1,crotalus-atrox
a603faa96e,crotalus-atrox
b3452f1934,thamnophis-sirtalis
5d9cf27241,storeria-dekayi
e97587c12c,thamnophis-sirtalis
6039af7619,opheodrys-aestivus
e3e8505f6f,pantherophis-spiloides
8ba809dab1,storeria-dekayi
6bc32ee53e,diadophis-punctatus
ff0d70fb78,thamnophis-sirtalis
59cff921b2,pantherophis-obsoletus
be611db16b,pituophis-catenifer
f8b43d780b,storeria-dekayi
13854590ea,pituophis-catenifer
503bd5a793,opheodrys-aestivus
f2bc584e0b,pituophis-catenifer
89ac32a56d,thamnophis-sirtalis
64553a6913,thamnophis-sirtalis
8ed99e4c86,crotalus-atrox
144981a319,crotalus-atrox
53da6f2a06,pantherophis-obsoletus
343d7275b2,storeria-dekayi
9de805091c,pantherophis-alleghaniensis
a151d5bd1d,rhinocheilus-lecontei
2c6828452e,agkistrodon-piscivorus
c3e38fc290,crotalus-atrox
759223778f,thamnophis-sirtalis
8de60975b5,lampropeltis-triangulum
b8c8491cb6,pituophis-catenifer
b2cb283e6a,pantherophis-alleghaniensis
a487c28099,pituophis-catenifer
60dcbd5c62,pantherophis-guttatus
4c173568d9,agkistrodon-piscivorus
9f1f0c4d77,crotalus-atrox
1a7e4bd4c6,pantherophis-vulpinus
1af0a36d6c,nerodia-erythrogaster
65be04e1a7,thamnophis-sirtalis
6d39dfc724,pituophis-catenifer
809a0a209e,thamnophis-sirtalis
4617ca078b,crotalus-atrox
3f264dfa93,thamnophis-sirtalis
77321df6c5,crotalus-atrox
f3bdc27db9,nerodia-erythrogaster
4b381d7348,agkistrodon-contortrix
e3654cac52,lampropeltis-californiae
a3c79fb490,masticophis-flagellum
af58bb743b,diadophis-punctatus
ac57aad226,pantherophis-obsoletus
af99899112,pituophis-catenifer
48470bf29b,diadophis-punctatus
1e2ae139b7,thamnophis-sirtalis
ac9117b886,thamnophis-marcianus
ab9310747f,pantherophis-obsoletus
4f39265344,crotalus-atrox
7cbb3598a5,opheodrys-aestivus
2874500090,pantherophis-obsoletus
8b704e36a2,pantherophis-obsoletus
8cb6eebb38,thamnophis-sirtalis
46a6a306fc,natrix-natrix
4d53b5cb4d,storeria-dekayi
1edabbc312,opheodrys-aestivus
f96291b278,diadophis-punctatus
e0ed8038c6,pituophis-catenifer
5e4c1c7cc2,agkistrodon-contortrix
547f6b9455,pantherophis-obsoletus
6e802f864c,opheodrys-aestivus
b28a9dbd17,thamnophis-radix
e2852dfcc2,thamnophis-sirtalis
e037e771c3,thamnophis-sirtalis
16e1861f42,crotalus-atrox
0448002637,opheodrys-aestivus
e17bb727be,rhinocheilus-lecontei
5955a29848,crotalus-atrox
8d33851a8b,nerodia-erythrogaster
b474fba6f6,agkistrodon-piscivorus
817e074b35,lampropeltis-californiae
55cf94ef25,nerodia-erythrogaster
59d4a652fa,thamnophis-sirtalis
6870b31b63,agkistrodon-contortrix
7a5772b7df,nerodia-erythrogaster
5ed983ebe4,thamnophis-sirtalis
7dce396ff5,thamnophis-sirtalis
4c01b5b8ba,diadophis-punctatus
559ed5ed62,rhinocheilus-lecontei
013c73ee17,pantherophis-obsoletus
86915f6c43,thamnophis-sirtalis
385387e75a,thamnophis-sirtalis
ebd7ad9677,thamnophis-sirtalis
a3da69708a,pantherophis-obsoletus
a76c44bb89,thamnophis-sirtalis
928460dde9,thamnophis-marcianus
b09f1d031b,agkistrodon-contortrix
13696d31fb,thamnophis-sirtalis
a9c94931b4,nerodia-erythrogaster
8b16f8a4e1,storeria-dekayi
14b9be3fc8,storeria-dekayi
ba00658f4c,thamnophis-sirtalis
baba9a2a38,agkistrodon-contortrix
07adf1b336,thamnophis-sirtalis
071901eca8,lampropeltis-triangulum
f99d915b6b,agkistrodon-piscivorus
39927cfbaa,storeria-dekayi
56c9e212e1,crotalus-atrox
eebe64532a,thamnophis-sirtalis
0fa9fc3183,thamnophis-sirtalis
e7cf15f7c1,storeria-dekayi
d37b0ef11f,thamnophis-sirtalis
a1e486d349,lampropeltis-triangulum
9885c6266a,lampropeltis-triangulum
d21d7e61ca,thamnophis-sirtalis
5d58cc2fb1,crotalus-ruber
e82ae7b777,lampropeltis-californiae
293259d508,thamnophis-sirtalis
ddb3ee4efc,agkistrodon-piscivorus
c08388a48f,pantherophis-alleghaniensis
c5eda48da7,thamnophis-sirtalis
326a993691,pituophis-catenifer
882a08649b,rhinocheilus-lecontei
511dffe7d2,crotalus-ruber
582700d0c7,lampropeltis-triangulum
e4f9ad2007,storeria-dekayi
d50e9b77ce,storeria-dekayi
35084d1574,lampropeltis-californiae
22ee6908b7,thamnophis-sirtalis
2597f7e76d,nerodia-sipedon
c2cbb5ab68,storeria-dekayi
0debda08e0,crotalus-atrox
57db3594db,nerodia-sipedon
06b96eed56,pituophis-catenifer
665ce5599e,pantherophis-alleghaniensis
3b1799fe42,thamnophis-sirtalis
b07f81508c,thamnophis-sirtalis
f11e311c90,crotalus-atrox
e1f9280372,nerodia-sipedon
a4ff6226a3,thamnophis-sirtalis
b48998dacd,thamnophis-sirtalis
6fd6c6ccf6,storeria-occipitomaculata
d6279d9ecd,thamnophis-marcianus
dd13ef5784,thamnophis-sirtalis
6c1f740183,lampropeltis-triangulum
b9551ebdb5,agkistrodon-contortrix
4b2040859d,storeria-dekayi
2890dcea84,thamnophis-sirtalis
8b88fdf313,pantherophis-obsoletus
6b1f376295,thamnophis-sirtalis
60cd847169,crotalus-viridis
86f3c1735d,diadophis-punctatus
2d6aff49e2,thamnophis-sirtalis
7836689238,agkistrodon-piscivorus
17e5f4b5bf,pituophis-catenifer
f6cc3d20e0,thamnophis-proximus
d417d4f631,thamnophis-radix
ff36f08f54,thamnophis-sirtalis
dda7fe77cf,thamnophis-radix
84496bd65b,pantherophis-alleghaniensis
db517bd3e6,pituophis-catenifer
6a3bcbcf4a,opheodrys-aestivus
4e410fc7b2,pituophis-catenifer
60c5ab7fe1,nerodia-sipedon
07a7f4b8a2,pantherophis-obsoletus
70d03492db,thamnophis-sirtalis
ff0d5db8c9,agkistrodon-contortrix
cd8dc76a5a,diadophis-punctatus
fa68e6c437,thamnophis-sirtalis
327b772827,pantherophis-obsoletus
da3f1c4d6e,rhinocheilus-lecontei
4932b1089d,nerodia-sipedon
5980c7a6f7,thamnophis-sirtalis
3415603d3c,thamnophis-sirtalis
9cd4b65c2c,thamnophis-sirtalis
b4ad055b21,lampropeltis-triangulum
e99babb9da,storeria-dekayi
c5ba6d87e2,storeria-dekayi
e073226ee2,pantherophis-obsoletus
af55a93714,diadophis-punctatus
9886f29ea0,nerodia-sipedon
4da6e0c4b1,lampropeltis-californiae
80da1ca7fe,thamnophis-sirtalis
8b8f0dd5e6,pantherophis-obsoletus
a1a1d8f4d3,thamnophis-sirtalis
19ccba64b3,storeria-dekayi
b73f6347cd,lampropeltis-californiae
5c818f58a7,pantherophis-obsoletus
bbbcedc4c0,agkistrodon-piscivorus
2786b3576c,thamnophis-radix
08765181d5,thamnophis-sirtalis
f748cf3f7e,storeria-dekayi
e286457476,crotalus-atrox
1b8242b960,coluber-constrictor
ad68959f68,opheodrys-aestivus
635181b9d2,storeria-dekayi
faee0c2011,pantherophis-obsoletus
b86a0e9749,pantherophis-obsoletus
9e937f940b,nerodia-sipedon
ffa547380d,pantherophis-alleghaniensis
2757eb8bbd,pantherophis-obsoletus
59bcc84d9c,agkistrodon-contortrix
4cc3b7adf3,thamnophis-sirtalis
77dd465e89,crotalus-atrox
087903f361,pituophis-catenifer
eeeb364f80,crotalus-atrox
9ba5f59e0d,storeria-dekayi
8139d8a08f,lampropeltis-californiae
b08c38c7f7,storeria-dekayi
ebdbb4edfa,diadophis-punctatus
786ba4ba4b,nerodia-sipedon
910ad43321,pantherophis-obsoletus
e4bcba036b,pantherophis-alleghaniensis
7f9dafc904,pantherophis-obsoletus
142b516abc,thamnophis-radix
fa58c0f04f,pantherophis-obsoletus
8b9db7077f,pantherophis-obsoletus
e09b662bd5,agkistrodon-contortrix
d6145eb8ef,pantherophis-alleghaniensis
93d698c9bb,agkistrodon-contortrix
a5e69edc4b,agkistrodon-contortrix
3fd328c40e,pituophis-catenifer
459bff3c88,rhinocheilus-lecontei
8ea058e917,thamnophis-radix
3ac12b3402,pantherophis-alleghaniensis
632bed91e6,thamnophis-radix
811119a90b,thamnophis-sirtalis
5a23092d94,thamnophis-sirtalis
b51b666b0a,storeria-dekayi
2c983824a0,crotalus-atrox
0c9a05356b,storeria-dekayi
4e6c995bef,pantherophis-alleghaniensis
63bb9ed8c2,thamnophis-sirtalis
cf4b998e06,thamnophis-sirtalis
c52f2693cf,coluber-constrictor
f9b0800cb8,rhinocheilus-lecontei
54126ca78d,thamnophis-sirtalis
7064757509,agkistrodon-contortrix
c10ff40811,thamnophis-sirtalis
10ff7e57d3,lampropeltis-californiae
af183d1608,crotalus-atrox
12e603532f,diadophis-punctatus
2d28192243,lampropeltis-californiae
14a0397527,pantherophis-alleghaniensis
91111d3298,thamnophis-sirtalis
2004e8fe2c,storeria-dekayi
e9d344e301,rhinocheilus-lecontei
01cdc5a346,crotalus-viridis
6ec294cf12,storeria-dekayi
bad9a60677,thamnophis-sirtalis
7fa218f587,thamnophis-proximus
9e779ef62b,nerodia-sipedon
e3ad957f8f,crotalus-atrox
7326d26554,thamnophis-sirtalis
2532449658,storeria-dekayi
ff45fac73c,pantherophis-obsoletus
98e28ee840,thamnophis-sirtalis
9687257d87,lampropeltis-californiae
97a30ec6dd,lampropeltis-triangulum
9ecc4721bf,crotalus-atrox
295ab7d70f,pantherophis-emoryi
593c3b2407,agkistrodon-contortrix
4e8049b6d0,crotalus-horridus
7240b699f4,diadophis-punctatus
40b8fc0e84,thamnophis-proximus
c27414795d,thamnophis-sirtalis
7bf3a6739b,coluber-constrictor
aeeb16bfec,diadophis-punctatus
e93cd41190,thamnophis-sirtalis
368907beeb,nerodia-sipedon
e7b04cfe8c,storeria-dekayi
c15675b887,pituophis-catenifer
9a9ff1f37e,crotalus-horridus
a1c21d6672,pantherophis-obsoletus
a128fcabc1,pantherophis-alleghaniensis
eab49156d7,crotalus-atrox
b72ce0175f,thamnophis-sirtalis
c8ca8f0048,heterodon-platirhinos
4a52d81d06,crotalus-horridus
e6fe591e18,nerodia-erythrogaster
3da58beca1,thamnophis-sirtalis
4b49ad90af,coluber-constrictor
8bdccf2baf,thamnophis-radix
e3e76a3d9c,nerodia-erythrogaster
dad51cd1dd,pantherophis-obsoletus
7b110332b2,agkistrodon-contortrix
c73c3c3b9b,thamnophis-radix
1b6152c43b,nerodia-erythrogaster
a77509b170,crotalus-viridis
c06284e0af,pituophis-catenifer
cbe0b8c85d,pantherophis-spiloides
ab0cd50587,nerodia-sipedon
641a4f65bc,opheodrys-aestivus
e3aa373714,opheodrys-aestivus
58e653c556,heterodon-platirhinos
0ae45b5aaa,pituophis-catenifer
4511368f4f,thamnophis-sirtalis
a1ae1155b3,thamnophis-sirtalis
b0b4a61772,thamnophis-radix
8111c15451,storeria-dekayi
8aba528ea0,thamnophis-sirtalis
cd0721eb2a,thamnophis-sirtalis
3024fa18e5,lampropeltis-triangulum
8c27c26f9f,pantherophis-obsoletus
9db974a233,crotalus-atrox
96dbc2f29b,thamnophis-sirtalis
c91233cf4f,opheodrys-aestivus
14da1fc791,crotalus-atrox
5cb1e2553b,pantherophis-obsoletus
aae5d3dda7,pantherophis-alleghaniensis
e218ba88c9,agkistrodon-contortrix
78eac1ae97,storeria-dekayi
a0853d1197,storeria-dekayi
e9aac999b1,storeria-dekayi
3137a9d8f4,coluber-constrictor
bcb51ed4fd,pantherophis-obsoletus
0b6092dd9f,pantherophis-obsoletus
4af1ee7c2d,pituophis-catenifer
38d6a2113a,thamnophis-sirtalis
e4fa7fdae2,pituophis-catenifer
b83e0a56e3,pantherophis-guttatus
91fb4fb5e5,pantherophis-obsoletus
11790d01c8,nerodia-sipedon
55558305ba,agkistrodon-contortrix
fdce965a85,storeria-dekayi
3aaaeb3001,pantherophis-alleghaniensis
fd7f5407f9,thamnophis-proximus
cb9f92f658,nerodia-sipedon
db292dcc3b,thamnophis-sirtalis
41e50ec9ca,crotalus-atrox
5b848633ea,pantherophis-obsoletus
e7e867160a,thamnophis-sirtalis
bf1a6aa6aa,thamnophis-sirtalis
9cb08cd05a,pantherophis-obsoletus
000e2d0a91,agkistrodon-contortrix
016c384a1a,diadophis-punctatus
3c083b4590,nerodia-sipedon
d8854a4d6f,agkistrodon-contortrix
bbaf558ecf,pantherophis-guttatus
a56a6fe0a7,storeria-dekayi
37f5ad479e,agkistrodon-piscivorus
4846c2ff38,pantherophis-obsoletus
f2d94b49ca,lampropeltis-triangulum
606b454ea5,thamnophis-proximus
4cb6776f57,opheodrys-aestivus
4f472510f3,rhinocheilus-lecontei
d1ef8c5ebe,storeria-dekayi
045f997c55,storeria-dekayi
ea100d15e2,crotalus-atrox
f7358c1693,thamnophis-sirtalis
8f336f0634,thamnophis-sirtalis
29c12aa50b,thamnophis-sirtalis
42649255bc,nerodia-erythrogaster
c8583aa3f1,thamnophis-sirtalis
9685d88cba,agkistrodon-contortrix
7db0e926a2,nerodia-fasciata
4c3eb5bfb1,thamnophis-sirtalis
54ba70e3cc,thamnophis-sirtalis
2c92388500,thamnophis-radix
ace74db921,crotalus-ruber
4c11e184fd,nerodia-sipedon
279efc0706,pituophis-catenifer
dc0bd440c3,opheodrys-aestivus
4fca272540,pantherophis-obsoletus
8161449847,lampropeltis-californiae
fee6ac0981,nerodia-sipedon
d842503f72,storeria-dekayi
073e9ff640,thamnophis-sirtalis
bd3de164e8,opheodrys-aestivus
8a759fc288,storeria-dekayi
6f44735f58,agkistrodon-piscivorus
ebf7de46e9,pituophis-catenifer
5180638e96,pantherophis-obsoletus
13aa42a7e4,pituophis-catenifer
1ac3b66cc3,pantherophis-obsoletus
e81112e8d1,crotalus-atrox
847dcb005c,storeria-dekayi
ac60cb4c64,storeria-dekayi
0fe9a54c20,agkistrodon-contortrix
2fd9e2eee6,thamnophis-sirtalis
516de4c918,rhinocheilus-lecontei
3898d993ce,storeria-dekayi
ccf697d8ee,thamnophis-sirtalis
fe4b15022b,crotalus-atrox
647d580a8c,storeria-dekayi
5c2a00b326,rhinocheilus-lecontei
0bd440f886,crotalus-atrox
2e9f1674bc,storeria-dekayi
79b4ba46ed,crotalus-atrox
42378b3f2f,thamnophis-sirtalis
8d2f2c54a1,crotalus-atrox
2db8ff4d4f,pantherophis-obsoletus
66533f8fc8,agkistrodon-contortrix
64c3ac5ad0,diadophis-punctatus
2c92500ad7,thamnophis-sirtalis
4bef4cae1b,thamnophis-sirtalis
a18b060715,thamnophis-proximus
328d66a6d0,pantherophis-alleghaniensis
dab850c45f,pantherophis-alleghaniensis
0db0392426,storeria-dekayi
f29333e380,thamnophis-sirtalis
ba36d77d65,thamnophis-proximus
49f08ece45,thamnophis-sirtalis
cf6a306170,storeria-dekayi
1e8ba66e6d,diadophis-punctatus
16ef599310,storeria-dekayi
ba083e8689,thamnophis-sirtalis
1288525568,nerodia-sipedon
dc912c11c4,crotalus-atrox
292607026b,crotalus-atrox
665b29ab42,agkistrodon-piscivorus
8ae15dfb92,thamnophis-sirtalis
5c02da1538,pantherophis-obsoletus
d111dafe36,pituophis-catenifer
3a231f98df,storeria-dekayi
2b1db1ded4,pantherophis-obsoletus
5c0dcbb923,pantherophis-obsoletus
7ed1337bff,storeria-dekayi
c96674a57e,thamnophis-sirtalis
5f9a9502e6,coluber-constrictor
990d9f9cc7,storeria-dekayi
51aeb208e1,thamnophis-sirtalis
f13f3085ae,lampropeltis-californiae
76bc77c3be,agkistrodon-contortrix
db945af48b,thamnophis-sirtalis
0557d01771,thamnophis-sirtalis
2d0f08fa36,crotalus-atrox
e4b948cde5,thamnophis-sirtalis
c1acdf0a74,diadophis-punctatus
85a138a2b1,crotalus-horridus
c04ef971c2,pituophis-catenifer
d7b6ef28af,crotalus-atrox
7066af3e95,storeria-dekayi
83899a6b49,heterodon-platirhinos
41b6e2b209,crotalus-atrox
dd832524fa,thamnophis-sirtalis
c032ab6ee3,agkistrodon-contortrix
08acf2e47d,thamnophis-sirtalis
b6f53fbd8e,storeria-dekayi
8c6e0cc938,thamnophis-marcianus
79104dbf66,masticophis-flagellum
412b9deed5,pantherophis-alleghaniensis
a0969f71a4,thamnophis-sirtalis
6cbc15a33e,nerodia-sipedon
031021f64c,nerodia-fasciata
1794be2478,pantherophis-alleghaniensis
55d9dd5142,pantherophis-obsoletus
488901ecd7,storeria-dekayi
6335735a8a,pantherophis-obsoletus
724a385d2e,thamnophis-radix
dcbaefa9de,pantherophis-obsoletus
83f99d01b7,pantherophis-guttatus
cd41d47965,pantherophis-obsoletus
813751c7fe,thamnophis-sirtalis
0e287bd3a4,storeria-dekayi
5dfc97da50,thamnophis-sirtalis
5d0faf4c7b,thamnophis-radix
722b6323ec,thamnophis-sirtalis
b8022114ff,thamnophis-sirtalis
c47c82122f,storeria-dekayi
8a43339a29,agkistrodon-contortrix
e12901072d,crotalus-atrox
34b33a11fa,pantherophis-alleghaniensis
7a374981e5,heterodon-platirhinos
9b07f3eacf,crotalus-ruber
586ba03c24,pantherophis-obsoletus
042c0fc943,storeria-dekayi
b083b3bdfc,crotalus-atrox
1cca4dde7e,thamnophis-sirtalis
4fb62fe5f4,pantherophis-obsoletus
7e25f7155c,pituophis-catenifer
4c47136817,thamnophis-sirtalis
f5055dad14,diadophis-punctatus
2555c7e7ce,storeria-dekayi
aba879e0f7,agkistrodon-piscivorus
23a5181788,storeria-dekayi
9af6f4bbb1,pantherophis-obsoletus
929d07dc6c,thamnophis-sirtalis
e4ab7ba2ab,diadophis-punctatus
4451e8bf97,nerodia-erythrogaster
57050111e0,pituophis-catenifer
f32d83944c,diadophis-punctatus
b6ffe43c55,nerodia-sipedon
d11bd5b048,thamnophis-radix
3f8b54c5b8,coluber-constrictor
83d7c726d0,thamnophis-radix
ad72ea0194,pantherophis-obsoletus
2b6245d77b,opheodrys-aestivus
98ca8e97e3,pantherophis-alleghaniensis
ddd56ba0c0,rhinocheilus-lecontei
f8d202075f,opheodrys-aestivus
ebbfcc7256,thamnophis-sirtalis
f40abd0edf,pantherophis-obsoletus
4d2a67a53b,diadophis-punctatus
7f2892af39,pantherophis-obsoletus
46f9560c99,pituophis-catenifer
e8556cf2b3,diadophis-punctatus
86a6eb367c,storeria-dekayi
991a9dbcb3,thamnophis-sirtalis
3d1b0e14ff,opheodrys-aestivus
08a0158c25,thamnophis-sirtalis
7d47015e7f,lampropeltis-californiae
0dffc5dc0a,crotalus-atrox
b4f2848f54,lampropeltis-triangulum
99e3cdcc39,lampropeltis-triangulum
cc40d66bfb,agkistrodon-piscivorus
700d8ecd83,lampropeltis-californiae
e0af3ec1dc,opheodrys-aestivus
c40f2cf547,lampropeltis-triangulum
4cb468d415,pantherophis-obsoletus
26e77de0d3,thamnophis-sirtalis
6925f4782a,pantherophis-alleghaniensis
857dc26592,thamnophis-sirtalis
3f79415b22,pantherophis-obsoletus
37701846eb,opheodrys-aestivus
e5a6f90969,crotalus-atrox
b83f491562,lampropeltis-triangulum
c4476648be,thamnophis-sirtalis
5bdb8079ed,storeria-dekayi
043d5f3770,thamnophis-elegans
2467f2a466,pantherophis-alleghaniensis
15ddd7bca3,thamnophis-sirtalis
95aa99daf1,pituophis-catenifer
e207f9f8e1,thamnophis-proximus
e27ca7d445,pantherophis-alleghaniensis
1a313e58c0,thamnophis-sirtalis
192dd2d4b7,coluber-constrictor
28edbbefda,diadophis-punctatus
898d62255d,pantherophis-alleghaniensis
a44d993fbe,lampropeltis-triangulum
a3df4a6366,pituophis-catenifer
9a9ae8f452,pantherophis-alleghaniensis
5b3791c4e4,thamnophis-elegans
50a7c39fb7,lampropeltis-triangulum
4e595ab339,thamnophis-sirtalis
5276b71b91,storeria-dekayi
7c81f46daf,thamnophis-sirtalis
351a52d327,thamnophis-sirtalis
b3fe7d062c,pantherophis-obsoletus
4cc20d0bc8,pantherophis-alleghaniensis
4d8f022e07,opheodrys-aestivus
03e5159380,diadophis-punctatus
eab9b89ad9,pantherophis-obsoletus
543bb54091,thamnophis-radix
35f3e07f8a,agkistrodon-piscivorus
3b9b67ba03,crotalus-atrox
aaa615d84a,storeria-dekayi
18a1ebef0e,coluber-constrictor
c9cec706f3,pituophis-catenifer
93e591cb23,pantherophis-vulpinus
c4804cb27f,thamnophis-sirtalis
e72a84360b,storeria-dekayi
fa62eae8c5,thamnophis-marcianus
e0474c1be9,crotalus-atrox
c0f734db4f,coluber-constrictor
b359100fa4,opheodrys-aestivus
e51bebd7ce,lampropeltis-triangulum
aadfad28f5,lampropeltis-californiae
e25a32c987,thamnophis-sirtalis
4e3e773484,thamnophis-sirtalis
7f2637a665,nerodia-erythrogaster
f26b948e46,thamnophis-sirtalis
638716b738,crotalus-horridus
2e6627723a,storeria-dekayi
c41ed9c05b,thamnophis-sirtalis
261a672081,crotalus-atrox
336c730066,agkistrodon-contortrix
ce502ba8a0,crotalus-ruber
a0c3ea95cd,agkistrodon-contortrix
8ab088c8fe,diadophis-punctatus
901a78b5f6,pantherophis-obsoletus
b5fa9c891c,nerodia-erythrogaster
0b975a80ed,pantherophis-obsoletus
97d93358ab,thamnophis-sirtalis
3715978259,crotalus-atrox
4a7b39ccff,pantherophis-alleghaniensis
897932c055,nerodia-sipedon
2b1413378c,storeria-dekayi
70463ea3f3,pantherophis-alleghaniensis
8d8b41be92,diadophis-punctatus
80eead3616,storeria-dekayi
2bdd1204df,pituophis-catenifer
c2608c8551,thamnophis-sirtalis
5af19d853b,pantherophis-obsoletus
5e13f84aae,thamnophis-sirtalis
df0fb047d2,thamnophis-sirtalis
f590310834,thamnophis-sirtalis
e739a016b4,agkistrodon-contortrix
3e12eda545,storeria-dekayi
7289b39618,agkistrodon-piscivorus
7683989c81,agkistrodon-contortrix
44be6183a7,thamnophis-sirtalis
88c9cc598c,opheodrys-aestivus
33346242e2,thamnophis-sirtalis
d63c0e9fdc,thamnophis-sirtalis
f6ec7eba7b,storeria-dekayi
7c63285d95,pituophis-catenifer
f910b4dafd,thamnophis-sirtalis
5b356b946f,pantherophis-vulpinus
a853ecfce0,pantherophis-obsoletus
54f91fbb3a,pantherophis-obsoletus
9d60408184,diadophis-punctatus
80da121cf4,agkistrodon-contortrix
8ea489d2ec,storeria-dekayi
d47dbad6f9,crotalus-atrox
ca33c6d5ad,storeria-dekayi
79818ed7bd,lampropeltis-californiae
46e4512b8e,pantherophis-alleghaniensis
fcf5b7e439,nerodia-rhombifer
a67125bb01,nerodia-erythrogaster
de232d35ce,pantherophis-alleghaniensis
df50ba8c91,lampropeltis-triangulum
c75bd067fd,opheodrys-aestivus
6b81c6a99c,crotalus-atrox
6a3c1344c4,thamnophis-sirtalis
553b5be83f,thamnophis-sirtalis
da7212161e,pantherophis-alleghaniensis
e3c6ba694a,thamnophis-sirtalis
a698472a57,crotalus-atrox
fef6cec454,storeria-dekayi
f1bae12c32,thamnophis-sirtalis
ab978ec9f5,pantherophis-obsoletus
13275759e4,crotalus-atrox
2680cb138a,agkistrodon-contortrix
768a99b9e5,lampropeltis-triangulum
26758bec6d,thamnophis-sirtalis
b04dd2adec,storeria-dekayi
7fe9ccee38,thamnophis-sirtalis
7a27082f24,thamnophis-sirtalis
b1d252ae26,crotalus-atrox
20f14eedb1,pantherophis-obsoletus
74772031c5,pantherophis-obsoletus
4757eec719,thamnophis-sirtalis
407c2c9dda,thamnophis-radix
e0c882d7b5,storeria-dekayi
b77fbe5457,thamnophis-sirtalis
ce8b6913f4,nerodia-sipedon
a8729cbe08,agkistrodon-piscivorus
e0b2962c83,crotalus-atrox
19e640cfea,thamnophis-sirtalis
9e08e2e7c0,thamnophis-proximus
41e720d7de,crotalus-horridus
0124071f58,lampropeltis-californiae
381cd1d7b0,diadophis-punctatus
2d29d24cdb,crotalus-atrox
7019567057,thamnophis-sirtalis
80cd47b8be,opheodrys-aestivus
7bf2980a9d,thamnophis-proximus
bce7024134,storeria-dekayi
c53c61ff1d,thamnophis-sirtalis
113f968224,opheodrys-aestivus
d5fb0f6816,crotalus-atrox
5421f5b6ca,pantherophis-obsoletus
aa1da0bc83,thamnophis-sirtalis
75b79378c3,pantherophis-obsoletus
5d6b176f01,crotalus-atrox
9e10b0843c,agkistrodon-piscivorus
d4575182a3,thamnophis-elegans
477737deba,agkistrodon-contortrix
ea135d3a89,opheodrys-aestivus
8d0378446f,opheodrys-aestivus
fc99bec64d,lampropeltis-triangulum
16e3dff323,storeria-occipitomaculata
4892a7b03e,crotalus-atrox
ac42c482a2,thamnophis-sirtalis
b03b72c2eb,lampropeltis-californiae
f60d7f670e,agkistrodon-contortrix
c5ff38ff68,pituophis-catenifer
70483cb8ea,thamnophis-sirtalis
c79bcf2098,pantherophis-alleghaniensis
7b692d1127,thamnophis-sirtalis
a48ae72b05,storeria-dekayi
07265abede,thamnophis-sirtalis
07437a1fe8,nerodia-rhombifer
5ab91cb2ee,lampropeltis-californiae
d495120d71,thamnophis-sirtalis
044b47bb18,storeria-dekayi
7ca6b80658,thamnophis-sirtalis
f5752a0f0a,agkistrodon-piscivorus
40ae26e406,agkistrodon-contortrix
5ede340e32,crotalus-atrox
f17ff6178e,pantherophis-obsoletus
6245275771,thamnophis-sirtalis
e405656b1b,haldea-striatula
fa72b3fe67,crotalus-atrox
259af44b24,storeria-dekayi
96958ebf1b,nerodia-sipedon
1f90c834c5,crotalus-horridus
26492ca0f0,pituophis-catenifer
881fd4dc15,pantherophis-obsoletus
de0c5e9a87,pantherophis-obsoletus
e759f3eb2e,crotalus-scutulatus
9f6fd47396,storeria-dekayi
abbfa54027,pantherophis-obsoletus
c1f4d42327,pantherophis-alleghaniensis
0b36bcded4,opheodrys-aestivus
82335fe2c5,lampropeltis-californiae
37d255ba5a,thamnophis-sirtalis
18f5184f2e,storeria-dekayi
abc0495ee8,nerodia-erythrogaster
7176bcfe9a,lampropeltis-triangulum
cfcbf6740c,crotalus-viridis
5a67e89081,thamnophis-sirtalis
dd0dc5ba1a,lampropeltis-californiae
07fd20e8bd,agkistrodon-piscivorus
9e2d9ab3e2,storeria-dekayi
e60709d049,opheodrys-aestivus
c822ae5d01,storeria-dekayi
14b9eb3c99,pantherophis-alleghaniensis
a59422c281,pituophis-catenifer
f6f493238e,rhinocheilus-lecontei
d8989a7ebd,thamnophis-sirtalis
3500b219e4,thamnophis-sirtalis
14af77c260,pantherophis-alleghaniensis
371a621202,nerodia-erythrogaster
b0e5cdcf65,crotalus-atrox
731da2fb12,thamnophis-sirtalis
45708c6f17,thamnophis-sirtalis
21b66186b7,lampropeltis-californiae
ad94af4567,thamnophis-sirtalis
98707250c7,thamnophis-sirtalis
99d309ee88,crotalus-atrox
3e77a414cf,pituophis-catenifer
190a575a41,pantherophis-alleghaniensis
57ef22b097,crotalus-atrox
7e52574588,opheodrys-aestivus
857c430acc,thamnophis-sirtalis
e8fe7df5ad,nerodia-erythrogaster
1e8f52cf8e,crotalus-atrox
3ab63ae9ff,thamnophis-radix
c09b16ca15,nerodia-erythrogaster
6f2c9b0a8e,thamnophis-sirtalis
59e640bb91,thamnophis-sirtalis
23ad837e57,pituophis-catenifer
485a5b3419,pantherophis-obsoletus
0f0969f7d7,crotalus-atrox
1b74b10f63,haldea-striatula
da3f536aeb,storeria-dekayi
18ad85f471,lampropeltis-californiae
632568f983,thamnophis-sirtalis
dfee6504e3,storeria-dekayi
8b8357c908,opheodrys-aestivus
bd32389689,agkistrodon-contortrix
054481ab8f,thamnophis-sirtalis
bac648289c,lampropeltis-californiae
779248244f,pantherophis-obsoletus
fbb94e594c,pituophis-catenifer
c724879503,storeria-dekayi
e8e4c7fbb1,thamnophis-sirtalis
e931b94a50,thamnophis-radix
e2009dad0c,thamnophis-sirtalis
a0da4b8579,thamnophis-sirtalis
2a74549a83,pantherophis-obsoletus
58a86e1fbc,pantherophis-obsoletus
40ff71dcbb,nerodia-sipedon
96aee5ec60,agkistrodon-piscivorus
41de4add86,pantherophis-obsoletus
c6ca718826,crotalus-horridus
1dcaaad800,thamnophis-sirtalis
a141a881e2,agkistrodon-contortrix
4f9c43f59c,diadophis-punctatus
7d40454b7b,crotalus-viridis
ae5258ea04,pituophis-catenifer
bf3224d5bb,thamnophis-radix
6d58bdcf39,thamnophis-sirtalis
1e998306c0,crotalus-atrox
b66574f0cb,storeria-dekayi
731a90d84c,pantherophis-guttatus
2ca8252168,crotalus-atrox
f9ac703430,coluber-constrictor
59411ea382,pantherophis-obsoletus
5b06a39081,pantherophis-obsoletus
52eec0f3fb,agkistrodon-contortrix
cc4949ffe3,crotalus-atrox
6c78d9c8ce,thamnophis-sirtalis
72f1ff130d,pituophis-catenifer
cfe48a6766,thamnophis-sirtalis
6c8893e5b9,pantherophis-alleghaniensis
01008992e9,thamnophis-sirtalis
ac8fcab5ba,agkistrodon-piscivorus
3565b03095,pituophis-catenifer
594372deba,nerodia-erythrogaster
f962e3439e,diadophis-punctatus
07989fe1c3,lampropeltis-californiae
b982fadd00,storeria-dekayi
ad64e08277,crotalus-ruber
fbd2e05f9d,pantherophis-obsoletus
5cc447b09a,thamnophis-radix
dfbfdc7fec,thamnophis-radix
9cb8de814e,pantherophis-obsoletus
45bd4f73b1,diadophis-punctatus
91370ed279,pantherophis-alleghaniensis
36cc932452,diadophis-punctatus
cca13460db,crotalus-atrox
8481649aee,diadophis-punctatus
d50bdf5b2d,diadophis-punctatus
45cdae2a4e,agkistrodon-contortrix
dadd875c98,thamnophis-sirtalis
c36db9f26d,nerodia-sipedon
bdbd9d005c,pituophis-catenifer
5b15bac5c2,pantherophis-vulpinus
82b4daee47,thamnophis-sirtalis
f93b01cf67,nerodia-erythrogaster
a8d2967840,storeria-dekayi
0f6b88fcfc,storeria-dekayi
71e572d33f,thamnophis-sirtalis
5512ed611d,storeria-dekayi
890c0055e6,storeria-dekayi
6143211fb1,crotalus-ruber
b5905be265,diadophis-punctatus
7855bae864,opheodrys-aestivus
acd563d446,haldea-striatula
db06bafc17,pituophis-catenifer
a0dd47833b,agkistrodon-contortrix
beec8cc1ba,thamnophis-sirtalis
6447cbdb15,coluber-constrictor
1fff5a46d7,pantherophis-obsoletus
8f92043d8f,pantherophis-alleghaniensis
b24743c49c,storeria-dekayi
f7cf344e61,pituophis-catenifer
0a1cb5c228,agkistrodon-contortrix
c85a468e26,storeria-dekayi
9f06ab71ae,lampropeltis-californiae
27cc745b4e,storeria-dekayi
276c2680f9,crotalus-atrox
2a44495fb7,rhinocheilus-lecontei
ccd7709ba8,lampropeltis-californiae
ee41d19ab2,crotalus-atrox
3e2ba8887b,pantherophis-alleghaniensis
dfada263c6,pantherophis-alleghaniensis
bc050ff130,pantherophis-spiloides
e635e0301a,crotalus-atrox
66f17263f8,lampropeltis-triangulum
644033bba9,thamnophis-sirtalis
d3a5b62b1f,thamnophis-radix
ff8781cb80,pantherophis-alleghaniensis
a11bf6e766,pantherophis-guttatus
209b809200,storeria-dekayi
3f595dc653,nerodia-erythrogaster
ddeaf09179,storeria-dekayi
2fa9ef0310,opheodrys-aestivus
356311d35c,agkistrodon-contortrix
277dc08855,agkistrodon-piscivorus
fcac77e8e3,pantherophis-alleghaniensis
68722a30ea,pantherophis-alleghaniensis
2c442a09ed,pantherophis-vulpinus
b095d3ea2d,lampropeltis-triangulum
e08cecfcc8,pantherophis-obsoletus
fe4bdf4f63,pituophis-catenifer
8d98278446,pituophis-catenifer
4c48326692,pantherophis-obsoletus
727d39c386,thamnophis-sirtalis
5948054f6e,thamnophis-sirtalis
d5c6a36fb3,pantherophis-obsoletus
47f515dbdc,pituophis-catenifer
fc58e19ca0,storeria-dekayi
c5b4577265,crotalus-atrox
51622421a7,thamnophis-sirtalis
2546d11351,storeria-dekayi
38782ebfe4,thamnophis-sirtalis
a70db3f4e2,agkistrodon-contortrix
9604596853,agkistrodon-contortrix
1025e29ab7,agkistrodon-contortrix
9b5e5fd103,crotalus-atrox
d2084ae837,natrix-natrix
5717af5063,thamnophis-sirtalis
d981710b5c,storeria-dekayi
fdbb06d2b0,crotalus-atrox
5fa87ae1fc,pantherophis-obsoletus
f10dbb60ad,crotalus-atrox
ac29145967,agkistrodon-contortrix
25f864a129,heterodon-platirhinos
510f5e1945,crotalus-atrox
2266898888,storeria-occipitomaculata
2ea0beae2d,diadophis-punctatus
e985579c1c,diadophis-punctatus
43eebba928,coluber-constrictor
febc601a64,agkistrodon-contortrix
6003bbcbf9,pituophis-catenifer
1fac89750a,pantherophis-alleghaniensis
50281e1d1d,crotalus-atrox
daa2966222,storeria-dekayi
d952649529,storeria-dekayi
f9315c3d9d,thamnophis-sirtalis
5e0fe76874,storeria-dekayi
3afe948592,thamnophis-sirtalis
992f8823fb,diadophis-punctatus
d678d67897,crotalus-atrox
6dea60b535,storeria-dekayi
f63ccbe5e4,crotalus-atrox
108da1072a,storeria-dekayi
4245d68d46,nerodia-erythrogaster
8eaa4e8d18,storeria-dekayi
4b444a7450,thamnophis-sirtalis
44a1a3e35f,pantherophis-obsoletus
cebc8a3140,thamnophis-sirtalis
a86943e07b,pantherophis-obsoletus
9315a4a9e9,thamnophis-sirtalis
30379927e5,pituophis-catenifer
c2955c5d83,storeria-dekayi
3e2cadfaa9,pantherophis-alleghaniensis
a3ffe15ad1,thamnophis-sirtalis
8dc1f0796e,pituophis-catenifer
30d87fe508,pantherophis-obsoletus
6bd8b7a823,crotalus-atrox
217a85c6a0,pantherophis-obsoletus
f359a3a1cb,thamnophis-sirtalis
86a4573103,thamnophis-sirtalis
b3494fd089,diadophis-punctatus
9266faaacf,pantherophis-obsoletus
0a78ca4bcb,thamnophis-sirtalis
de9b02c30b,pantherophis-obsoletus
16768932e7,nerodia-sipedon
b53265ae30,opheodrys-aestivus
be70c24805,crotalus-ruber
ad9921a2aa,natrix-natrix
ad2a1a1ce2,nerodia-erythrogaster
4d8e2d733d,thamnophis-sirtalis
d400216179,thamnophis-sirtalis
348d974fa5,thamnophis-radix
ec7956ab61,pantherophis-spiloides
b70ed6998c,storeria-dekayi
cdbedb45cd,nerodia-erythrogaster
0a2842082d,lampropeltis-triangulum
4bb367498c,lampropeltis-triangulum
bc055cfcf1,thamnophis-sirtalis
8d34d1a83e,lampropeltis-triangulum
d0d91b6a16,crotalus-atrox
fbda0ff664,lampropeltis-californiae
77b61563ed,pituophis-catenifer
09f01bb907,lampropeltis-californiae
8bd5db2b2b,nerodia-erythrogaster
fb161a2da0,pituophis-catenifer
8d52547e5f,nerodia-erythrogaster
ddbb02224a,nerodia-sipedon
